date,open,high,low,close,volume
2021-12-10,336.2499966375,340.326563263401,327.5099967249,339.0099966099,59664339.59664339
2021-12-13,333.6966633297,334.999996650,317.1399968286,322.1366634453,78595980.78595980
2021-12-14,314.999996850,322.1366634453,309.999996900,319.5033301383,70806270.70806270
2021-12-15,317.7366634893,326.249963404167,309.416696905833,325.3299967467,75169230.75169230
2021-12-16,331.499996685,331.6599966834,307.2833302605,308.9733302436,82771449.82771449
2021-12-17,304.9233302841,320.219963464467,303.013363636533,310.8566635581,100880263.00880262
2021-12-20,303.566663631,307.229463594372,297.7966636887,299.9799970002,56480013.56480013
2021-12-21,305.6233302771,313.166663535,295.3733303796,312.8433302049,71517915.71517915
2021-12-22,321.8866634478,338.553296614467,319.0166634765,336.2899966371,93634086.93634086
2021-12-23,335.599996644,357.658896423411,332.5199966748,355.666663110,92713287.92713287
2021-12-27,357.88999642110000,372.33332961000000,356.90506309761600,364.64666302020000,71145819.71145819
2021-12-28,369.82999630170000,372.99996293666700,359.47332973860000,362.82332970510000,60323907.60323907
2021-12-29,366.21332967120000,367.99999632000000,354.71332978620000,362.06332971270000,56154045.56154045
2021-12-30,353.77666312890000,365.18332968150000,351.04999648950000,356.77999643220000,47040939.47040939
2021-12-31,357.81479642185200,360.66662972666700,351.52999648470000,352.25999647740000,40733625.40733625
2022-01-03,382.58332950750000,400.35666266310000,378.67999621320000,399.92666266740000,104686048.04686047
2022-01-04,396.51666270150000,402.66666264000000,374.34999625650000,383.19666283470000,100248259.00248258
2022-01-05,382.21666284450000,390.11332943220000,360.33669639663300,362.70666303960000,80119797.80119797
2022-01-06,358.99999641000000,362.66666304000000,340.16666326500000,354.89999645100000,90336474.90336474
2022-01-07,360.12332973210000,360.30996306356700,336.66666330000000,342.31999657680000,84164748.84164748
2022-01-10,333.33333000000000,353.03332980300000,326.66666340000000,352.70666313960000,91814877.91814877
2022-01-11,351.22332982110000,358.61666308050000,346.27332987060000,354.79999645200000,66063210.66063210
2022-01-12,359.61666307050000,371.61332961720000,357.53002975803300,368.73999631260000,83739015.83739015
2022-01-13,369.68832963645000,371.86666294800000,342.17969657820300,343.85332989480000,97209792.97209792
2022-01-14,339.95999660040000,350.66666316000000,337.79292995540400,349.86999650130000,72924411.72924411
2022-01-18,342.20166324465000,356.92996309736700,338.68666327980000,343.50332989830000,66989409.66989409
2022-01-19,347.23499652765000,351.55662981776700,331.66666335000000,331.88333001450000,75442488.75442488
2022-01-20,336.57666330090000,347.21999652780000,331.33333002000000,332.08999667910000,70488744.70488744
2022-01-21,332.11333001220000,334.84999665150000,313.49999686500000,314.63333018700000,103416028.03416027
2022-01-24,301.58666365080000,311.17103022162300,283.82333049510000,309.99999690000000,152375143.52375142
2022-01-25,304.73333028600000,317.08666349580000,301.06999698930000,306.13333027200000,86595906.86595906
2022-01-26,317.47666349190000,329.22999670770000,301.99999698000000,312.46999687530000,104867284.04867283
2022-01-27,311.11999688880000,311.79666354870000,276.33333057000000,276.36666390300000,147109570.47109569
2022-01-28,277.18666389480000,285.83333047500000,264.00333069330000,282.11666384550000,134788951.34788950
2022-01-31,290.90333042430000,312.66333020670000,287.34999712650000,312.23999687760000,104436097.04436096
2022-02-01,311.73666354930000,314.56666352100000,301.66666365000000,310.41666356250000,73138338.73138338
2022-02-02,309.39333023940000,310.49999689500000,296.46999703530000,301.88666364780000,66793035.66793035
2022-02-03,293.99999706000000,312.33333021000000,293.50666373160000,297.04666369620000,78855558.78855558
2022-02-04,299.07333034260000,312.16666354500000,293.72333039610000,307.77333025560000,73625466.73625466
2022-02-07,307.92999692070000,315.92333017410000,300.90296365763700,302.44666364220000,60994464.60994464
2022-02-08,301.84333031490000,308.76329691236700,298.26666368400000,307.33333026000000,50729013.50729013
2022-02-09,311.66666355000000,315.42329684576700,306.66666360000000,310.66666356000000,52259544.52259544
2022-02-10,302.78999697210000,314.60333018730000,298.89999701100000,301.51666365150000,66126831.66126831
2022-02-11,303.20999696790000,305.31999694680000,283.56666383100000,286.66666380000000,79645869.79645869
2022-02-14,287.18999712810000,299.62663033706700,284.38333048950000,291.91999708080000,67756416.67756416
2022-02-15,299.99999700000000,307.66666359000000,297.79246368874200,307.47666359190000,57649542.57649542
2022-02-16,304.68333028650000,308.80996357856700,300.40333032930000,307.79666358870000,51294396.51294396
2022-02-17,304.41999695580000,306.16663027166700,291.36666375300000,292.11666374550000,55178418.55178418
2022-02-18,295.33333038000000,295.62333037710000,279.20333054130000,285.65999714340000,68501841.68501841
2022-02-22,278.04333055290000,285.57793047755400,267.03336399633300,273.84333059490000,83288202.83288202
2022-02-23,276.80999723190000,278.43323054900100,253.51999746480000,254.67999745320000,95257008.95257008
2022-02-24,233.46333099870000,267.49333065840000,233.33333100000000,266.92333066410000,135322276.35322275
2022-02-25,269.74333063590000,273.16666393500000,260.80016405866500,269.95666396710000,76067763.76067763
2022-02-28,271.66999728330000,292.28666374380000,271.56916395097500,290.14333043190000,99006867.99006867
2022-03-01,289.89333043440000,296.62666370040000,284.59333048740000,288.12333045210000,74766861.74766861
2022-03-02,290.70999709290000,295.49333037840000,281.42403051909300,293.29666373370000,74643438.74643438
2022-03-03,292.92333040410000,295.47966371187000,277.53336389133300,279.76333053570000,61623507.61623507
2022-03-04,283.03333050300000,285.21666381450000,275.05363058279700,279.42999720570000,67179861.67179861
2022-03-07,285.43333047900000,288.71333044620000,268.18999731810000,268.19333065140000,72494172.72494172
2022-03-08,265.17666401490000,283.32999716670000,260.72333072610000,274.79999725200000,80399106.80399106
2022-03-09,279.82666386840000,286.85333046480000,277.33666389330000,286.32333047010000,59183979.59183979
2022-03-10,283.81666382850000,284.81666381850000,270.12003063213300,279.43333053900000,58648644.58648644
2022-03-11,280.06566386601000,281.26733052066000,264.58999735410000,265.11666401550000,67037166.67037166
2022-03-14,260.20333073130000,266.89999733100000,252.01333081320000,255.45666411210000,71152263.71152263
2022-03-15,258.42333074910000,268.52333064810000,252.18999747810000,267.29666399370000,66841143.66841143
2022-03-16,269.66666397000000,280.66666386000000,267.42003065913300,280.07666386590000,84028821.84028821
2022-03-17,276.99666389670000,291.66666375000000,275.23926391427400,290.53333042800000,66582972.66582972
2022-03-18,291.49666375170000,302.61666364050000,289.12999710870000,301.79666364870000,100414192.00414191
2022-03-21,304.99333028340000,314.28333019050000,302.36333030970000,307.05333026280000,81981648.81981648
2022-03-22,309.99999690000000,332.61999667380000,307.24999692750000,331.32666335340000,105868558.05868557
2022-03-23,326.6466634002,346.8999965310,325.4666634120,333.0366633363,120676150.20676149
2022-03-24,336.57666330090000,341.49666325170000,329.59999670400000,337.97332995360000,68920878.68920878
2022-03-25,335.99999664000000,340.59996326066700,332.44003000893300,336.87999663120000,62031546.62031546
2022-03-28,355.03332978300000,365.95996300706700,351.19999648800000,363.94666302720000,102506080.02506079
2022-03-29,369.32999630670000,371.58999628410000,357.70332975630000,366.52332966810000,73614819.73614819
2022-03-30,363.72332969610000,371.31666295350000,361.33332972000000,364.66332968670000,59865006.59865006
2022-03-31,364.85666301810000,367.71329632286700,358.88032974453000,359.19999640800000,48992757.48992757
2022-04-01,360.38332972950000,364.91666301750000,355.54666311120000,361.52999638470000,54263223.54263223
2022-04-04,363.12666303540000,383.30332950030000,357.50999642490000,381.81666284850000,82177701.82177701
2022-04-05,378.76666287900000,384.28999615710000,362.43332970900000,363.75332969580000,80075019.80075019
2022-04-06,357.82332975510000,359.66666307000000,342.56666324100000,348.58666318080000,89348535.89348535
2022-04-07,350.79666315870000,358.86332974470000,340.51336326153300,352.41999647580000,79447059.79447059
2022-04-08,347.73666318930000,349.47999650520000,340.81166325855000,341.82999658170000,55013688.55013688
2022-04-11,326.79999673200000,336.15602997177300,324.87999675120000,325.30999674690000,59357205.59357205
2022-04-12,332.54666334120000,340.39736326269300,325.53336341133300,328.98333004350000,65976096.65976096
2022-04-13,327.02499672975000,342.07999657920000,324.36566342301000,340.78999659210000,55121211.55121211
2022-04-14,333.09666333570000,337.56996329096700,327.39666339270000,328.33333005000000,58422405.58422405
2022-04-18,329.67666336990000,338.30666328360000,324.46999675530000,334.76332998570000,51715221.51715221
2022-04-19,335.01999664980000,344.97999655020000,331.77499668225000,342.71666323950000,49847832.49847832
2022-04-20,343.33332990000000,344.66666322000000,325.08336341583300,325.73333007600000,70711326.70711326
2022-04-21,358.24332975090000,364.07332969260000,332.13833001195000,336.25999663740000,105416338.05416337
2022-04-22,338.30332995030000,344.94999655050000,331.33336335333300,335.01666331650000,69696558.69696558
2022-04-25,326.32333007010000,336.20666330460000,325.09999674900000,332.67333000660000,68341335.68341335
2022-04-26,331.80999668190000,333.33333000000000,291.66666375000000,292.13999707860000,136133668.36133667
2022-04-27,299.52666367140000,305.99999694000000,292.45333040880000,293.83666372830000,76956396.76956396
2022-04-28,299.99333033340000,299.99999700000000,273.89999726100000,292.50333040830000,124948528.24948527
2022-04-29,300.74999699250000,311.46663021866700,289.99999710000000,290.25333043080000,88132995.88132995
2022-05-02,286.92333046410000,302.11996364546700,282.67666383990000,300.97999699020000,75781371.75781371
2022-05-03,301.05999698940000,308.02666358640000,296.19666370470000,303.08333030250000,63709575.63709575
2022-05-04,301.31333032020000,318.49999681500000,295.09333038240000,317.53999682460000,81643704.81643704
2022-05-05,313.06999686930000,315.19999684800000,285.89999714100000,291.09333042240000,92519193.92519193
2022-05-06,295.66666371000000,295.99999704000000,281.03499718965000,288.54999711450000,72903111.72903111
2022-05-09,278.81666387850000,281.87666384790000,260.38333072950000,262.36999737630000,90810222.90810222
2022-05-10,273.10333060230000,275.11999724880000,258.08333075250000,266.67999733320000,84401631.84401631
2022-05-11,264.99999735000000,269.92333063410000,242.39999757600000,244.66666422000000,97224459.97224459
2022-05-12,233.66666433000000,253.21999746780000,226.66666440000000,242.66666424000000,140312863.40312862
2022-05-13,257.82666408840000,262.44996404216700,250.52166416145000,256.52999743470000,92150724.92150724
2022-05-16,255.71999744280000,256.58666410080000,239.69616426970500,241.45666425210000,86098539.86098539
2022-05-17,249.11999750880000,254.82666411840000,242.94999757050000,253.86999746130000,80236110.80236110
2022-05-18,248.1733308516,253.4999974650,233.6033309973,236.6033309673,87811812.87811812
2022-05-19,235.66666431000000,244.66666422000000,231.36999768630000,236.47333096860000,90296673.90296673
2022-05-20,237.99666428670000,240.52733092806000,210.99999789000000,221.29999778700000,144973306.44973305
2022-05-23,218.33999781660000,226.65169773348300,212.68666453980000,224.96666441700000,88903638.88903638
2022-05-24,217.84333115490000,217.97333115360000,206.85666459810000,209.38666457280000,89092515.89092515
2022-05-25,207.94999792050000,223.10666443560000,207.67003125663300,219.59999780400000,92139324.92139324
2022-05-26,220.47333112860000,239.55663093776700,217.88666448780000,235.90999764090000,106003345.06003344
2022-05-27,241.08333092250000,253.26666413400000,240.17703093156300,253.20999746790000,89294982.89294982
2022-05-31,257.94666408720000,259.59999740400000,244.74333088590000,252.75333080580000,101914372.01914371
2022-06-01,251.71999748280000,257.32666409340000,243.63999756360000,246.78999753210000,77247963.77247963
2022-06-02,244.15666422510000,264.20999735790000,242.06666424600000,258.33333075000000,93473118.93473118
2022-06-03,243.22499756775000,247.79663085536700,233.41779766582200,234.51666432150000,112393738.12393737
2022-06-06,244.35333088980000,244.86666421800000,234.34999765650000,238.27999761720000,84204522.84204522
2022-06-07,233.99999766000000,239.99666426670000,230.09333103240000,238.88666427780000,72808602.72808602
2022-06-08,240.08666426580000,249.96333083370000,239.17666427490000,241.86666424800000,76210620.76210620
2022-06-09,249.33999750660000,255.54663077786700,239.32666427340000,239.70666426960000,96491307.96491307
2022-06-10,235.15666431510000,239.49999760500000,227.91333105420000,232.22999767770000,98090898.98090898
2022-06-13,223.16666443500000,226.63333106700000,214.68333118650000,215.73666450930000,102767263.02767262
2022-06-14,218.28666448380000,226.32999773670000,211.73666454930000,220.88999779110000,97988796.97988796
2022-06-15,220.91666445750000,235.66329764336700,218.14999781850000,232.99999767000000,119131936.19131935
2022-06-16,222.73666443930000,225.16666441500000,208.69333124640000,213.09999786900000,107390701.07390700
2022-06-17,213.43333119900000,220.96939779030600,213.19666453470000,216.75999783240000,92641770.92641770
2022-06-21,224.60333108730000,243.57736423089300,224.33333109000000,237.03666429630000,122792956.22792955
2022-06-22,234.50333098830000,246.83333086500000,233.82666432840000,236.08666430580000,101527261.01527260
2022-06-23,237.90499762095000,239.31666427350000,228.63666438030000,235.06999764930000,104202679.04202678
2022-06-24,237.46833095865000,246.06666420600000,236.08666430580000,245.70666420960000,95770695.95770695
2022-06-27,249.36666417300000,252.06999747930000,242.56553090767800,244.91999755080000,89178312.89178312
2022-06-28,244.48333088850000,249.96999750030000,232.34333100990000,232.66333100670000,90666501.90666501
2022-06-29,230.49999769500000,231.17333102160000,222.27333111060000,228.48999771510000,82897254.82897254
2022-06-30,224.50999775490000,229.45666437210000,218.86333114470000,224.47333108860000,94600452.94600452
2022-07-01,226.99999773000000,230.22999769770000,222.12003111213300,227.26333106070000,74460444.74460444
2022-07-05,222.99999777000000,233.14666433520000,216.16669783833300,233.06666433600000,84779112.84779112
2022-07-06,230.77999769220000,234.56333098770000,227.18666439480000,231.73333101600000,71853630.71853630
2022-07-07,233.91999766080000,245.36166421305000,232.20999767790000,244.54333088790000,81930690.81930690
2022-07-08,242.33333091000000,254.97996411686700,241.16143092171900,250.76333082570000,101854087.01854086
2022-07-11,252.10333081230000,253.06333080270000,233.62666433040000,234.34333098990000,99509220.99509220
2022-07-12,236.84666429820000,239.77333093560000,228.36833104965000,233.06999766930000,87930960.87930960
2022-07-13,225.49999774500000,242.05996424606700,225.03333108300000,237.03999762960000,97954497.97954497
2022-07-14,234.89666431770000,238.65333094680000,229.33333104000000,238.31333095020000,78557499.78557499
2022-07-15,239.99999760000000,243.62329756376700,236.88999763110000,240.06666426600000,69683019.69683019
2022-07-18,244.93666421730000,250.51666416150000,239.60333093730000,240.54666426120000,82537428.82537428
2022-07-19,244.99999755000000,247.13999752860000,236.97666429690000,245.52999754470000,80890110.80890110
2022-07-20,246.78333086550000,250.66333082670000,243.48299756517000,247.49999752500000,88864089.88864089
2022-07-21,255.10666411560000,273.26666393400000,254.86666411800000,271.70666394960000,142032178.42032177
2022-07-22,276.21999723780000,280.78666385880000,270.71333062620000,272.24333061090000,103472848.03472847
2022-07-25,272.21666394450000,274.14666392520000,267.39999732600000,268.43333064900000,64073505.64073505
2022-07-26,266.51333066820000,267.30996399356700,256.26333077070000,258.85999741140000,66820758.66820758
2022-07-27,263.80999736190000,275.92559724074400,261.79003071543300,274.81999725180000,88109988.88109988
2022-07-28,280.06666386600000,283.29999716700000,272.79999727200000,280.89999719100000,84722991.84722991
2022-07-29,280.69999719300000,298.31999701680000,279.09999720900000,297.14999702850000,95312883.95312883
2022-08-01,301.27499698725000,311.87823021455100,294.99999705000000,297.27666369390000,117042889.17042888
2022-08-02,294.00333039330000,307.83333025500000,292.66666374000000,300.58666366080000,95577468.95577468
2022-08-03,304.99999695000000,309.54999690450000,301.14999698850000,307.39666359270000,80091105.80091105
2022-08-04,310.99999689000000,313.60666353060000,304.99999695000000,308.63333024700000,72256317.72256317
2022-08-05,302.66999697330000,304.60663028726700,285.54466381122000,288.16999711830000,113172898.13172897
2022-08-08,294.99999705000000,305.19999694800000,289.08539710914600,290.42333042910000,99365274.99365274
2022-08-09,290.29333043040000,292.39666374270000,279.35333053980000,283.33333050000000,86244681.86244681
2022-08-10,297.06666369600000,297.50999702490000,283.36999716630000,294.35666372310000,94918872.94918872
2022-08-11,296.51333036820000,298.23666368430000,285.83333047500000,286.62999713370000,70155045.70155045
2022-08-12,289.41499710585000,300.15999699840000,285.03333048300000,300.02999699970000,79657287.79657287
2022-08-15,301.78666364880000,313.13333020200000,301.22999698770000,309.31999690680000,89359167.89359167
2022-08-16,311.66666355000000,314.66666352000000,302.88333030450000,306.56333026770000,88136322.88136322
2022-08-17,303.39666363270000,309.65666357010000,300.03333033300000,303.99666362670000,68765970.68765970
2022-08-18,305.99999694000000,306.49999693500000,301.85333031480000,302.86999697130000,47500536.47500536
2022-08-19,298.99999701000000,300.35999699640000,292.49999707500000,296.66666370000000,61395387.61395387
2022-08-22,291.91333041420000,292.39999707600000,286.29666380370000,289.91333043420000,55843347.55843347
2022-08-23,291.45333041880000,298.82663034506700,287.92333045410000,296.45333036880000,63985044.63985044
2022-08-24,297.56333035770000,303.64666363020000,296.49999703500000,297.09666369570000,57259716.57259716
2022-08-25,302.360000,302.960000,291.600000,296.070000,53230013
2022-08-26,297.430000,302.000000,287.470000,288.090000,57163947
2022-08-29,282.830000,287.740000,280.700000,284.820000,41864742
2022-08-30,287.865000,288.480000,272.650000,277.700000,50541759
2022-08-31,280.620000,281.250000,271.810000,275.610000,52107337
2022-09-01,272.575000,277.580000,266.150000,277.160000,54287024
2022-09-02,281.065000,282.350000,269.080000,270.210000,50890090
2022-09-06,272.675000,275.990000,265.740000,274.420000,55859984
2022-09-07,273.100000,283.840000,272.270000,283.700000,50028916
2022-09-08,281.300000,289.500000,279.760000,289.260000,53713124
2022-09-09,291.670000,299.850000,291.245000,299.680000,54470854
2022-09-12,300.720000,305.490000,300.400000,304.420000,48674604
2022-09-13,292.900000,297.399900,290.400000,292.130000,68229619
2022-09-14,292.240000,306.000000,291.640000,302.610000,72628653
2022-09-15,301.825000,309.120000,300.724700,303.750000,64795523
2022-09-16,299.605000,303.710000,295.600500,303.350000,87087786
2022-09-19,300.090000,309.840000,297.800000,309.070000,60231156
2022-09-20,306.910000,313.330000,305.580000,308.730000,61642783
2022-09-21,308.290000,313.800000,300.630000,300.800000,62555656
2022-09-22,299.860000,301.290000,285.820000,288.590000,70545413
2022-09-23,283.090000,284.500000,272.820000,275.330000,63748362
2022-09-26,271.830000,284.090000,270.310000,276.010000,58076913
2022-09-27,283.840000,288.670000,277.510000,282.940000,61925185
2022-09-28,283.080000,289.000000,277.570000,287.810000,54664809
2022-09-29,282.760000,283.650000,265.780000,268.210000,77620642
2022-09-30,266.145000,275.570000,262.470000,265.250000,67726598
2022-10-03,254.500000,255.160000,241.010000,242.400000,98363541
2022-10-04,250.520000,257.500000,242.010000,249.440000,109578535
2022-10-05,245.010000,246.669700,233.270000,240.810000,86982673
2022-10-06,239.440000,244.580000,235.350000,238.130000,69298437
2022-10-07,233.935000,234.571500,222.020000,223.070000,83916800
2022-10-10,223.930000,226.990000,218.358200,222.960000,67925018
2022-10-11,220.945000,225.750000,215.000000,216.500000,77013202
2022-10-12,215.330000,219.299900,211.510000,217.240000,66860699
2022-10-13,208.300000,222.990000,206.220000,221.720000,91483045
2022-10-14,224.010000,226.260000,204.160000,204.990000,94124511
2022-10-17,210.040000,221.860000,209.450000,219.350000,79428810
2022-10-18,229.500000,229.820000,217.250000,220.190000,75891905
2022-10-19,219.800000,222.930000,217.780000,222.040000,66571479
2022-10-20,208.280000,215.550000,202.000000,207.280000,117798062
2022-10-21,206.415000,214.660000,203.800000,214.440000,75713754
2022-10-24,205.820000,213.500000,198.586300,211.250000,100446765
2022-10-25,210.100000,224.349800,210.000000,222.415000,96507870
2022-10-26,219.400000,230.600000,218.200000,224.640000,85327078
2022-10-27,229.770000,233.810000,222.850000,225.090000,61638824
2022-10-28,225.400000,228.860000,216.350000,228.520000,69152386
2022-10-31,226.190000,229.850000,221.940000,227.540000,61554341
2022-11-01,234.050000,237.395100,227.280000,227.820000,62688822
2022-11-02,226.040000,227.869900,214.820000,214.980000,63070293
2022-11-03,211.360000,221.200000,210.140000,215.310000,56538848
2022-11-04,222.600000,223.800000,203.080000,207.470000,98622212
2022-11-07,208.650000,208.900000,196.660000,197.080000,93916520
2022-11-08,194.020000,195.200000,186.750000,191.300000,128803404
2022-11-09,190.775000,195.890000,177.120000,177.590000,127062659
2022-11-10,189.900000,191.000000,180.030000,190.720000,132703015
2022-11-11,186.000000,196.520000,182.590000,195.970000,114403575
2022-11-14,192.770000,195.730000,186.340000,190.950000,92226649
2022-11-15,195.880000,200.823700,192.060000,194.420000,91293785
2022-11-16,191.510000,192.570000,185.660000,186.920000,66567599
2022-11-17,183.960000,186.160000,180.900000,183.170000,64335970
2022-11-18,185.050000,185.190000,176.550000,180.190000,76048866
2022-11-21,175.850000,176.770000,167.540000,167.870000,92882712
2022-11-22,168.630000,170.920000,166.185000,169.910000,78452327
2022-11-23,173.570000,183.620000,172.500000,183.200000,109536709
2022-11-25,185.060000,185.200000,180.630000,182.860000,50672739
2022-11-28,179.960000,188.500000,179.000000,182.920000,93038148
2022-11-29,184.990000,186.380000,178.750000,180.830000,83357111
2022-11-30,182.430000,194.760000,180.630100,194.700000,109186404
2022-12-01,197.080000,198.920000,191.800000,194.700000,80046213
2022-12-02,191.780000,196.250000,191.110000,194.860000,73645922
2022-12-05,189.440000,191.270000,180.550000,182.450000,93122667
2022-12-06,181.215000,183.650000,175.330000,179.820000,92150823
2022-12-07,175.030000,179.380000,172.218000,174.040000,84213284
2022-12-08,172.200000,175.200000,169.060000,173.440000,97624491
2022-12-09,173.840000,182.500000,173.360000,179.050000,104872336
2022-12-12,176.100000,177.370000,167.520000,167.820000,109794471
2022-12-13,174.870000,175.050000,156.910000,160.950000,175862722
2022-12-14,159.250000,161.620000,155.310000,156.800000,140682338
2022-12-15,153.440000,160.929900,153.280000,157.670000,122334459
2022-12-16,159.635000,160.990000,150.040000,150.230000,139032175
2022-12-19,154.000000,155.250000,145.820000,149.870000,139390634
2022-12-20,146.050000,148.470000,137.660000,137.800000,159563267
2022-12-21,139.335000,141.260000,135.890000,137.570000,145417412
2022-12-22,136.000000,136.630000,122.260000,125.350000,210090250
2022-12-23,126.370000,128.617300,121.020000,123.150000,166989688
2022-12-27,117.495000,119.670000,108.760000,109.100000,208643444
2022-12-28,110.350000,116.270000,108.240000,112.710000,221070537
2022-12-29,120.385000,123.570000,117.495000,121.820000,221923313
2022-12-30,119.950000,124.480000,119.750000,123.180000,157777339
2023-01-03,118.470000,118.800000,104.640000,108.100000,231402818
2023-01-04,109.110000,114.590000,107.520000,113.640000,180388976
2023-01-05,110.510000,111.750000,107.160100,110.340000,157986324
2023-01-06,103.000000,114.390000,101.810000,113.060000,220911051
2023-01-09,118.960000,123.520000,117.110000,119.770000,190283951
2023-01-10,121.070000,122.760000,114.920000,118.850000,167642485
2023-01-11,122.090000,125.950000,120.510000,123.220000,183810771
2023-01-12,122.560000,124.131100,117.000000,123.560000,169400913
2023-01-13,116.550000,122.630000,115.600000,122.400000,180714119
2023-01-17,125.695000,131.700000,125.020000,131.490000,186476985
2023-01-18,136.555000,136.680000,127.010000,128.780000,195680318
2023-01-19,127.260000,129.990000,124.308200,127.170000,170291880
2023-01-20,128.680000,133.510000,127.346600,133.420000,138858136
2023-01-23,135.870000,145.379300,134.270000,143.750000,203119211
2023-01-24,143.000000,146.500000,141.100000,143.890000,158699056
2023-01-25,141.905000,146.410000,138.070000,144.430000,192734347
2023-01-26,159.965000,161.420000,154.760000,160.270000,234815090
2023-01-27,162.430000,180.680000,161.170000,177.900000,306590613
2023-01-30,178.050000,179.770000,166.500000,166.660000,230878807
2023-01-31,164.570000,174.300000,162.780000,173.220000,196813541
2023-02-01,173.890000,183.805000,169.930000,181.410000,213806323
2023-02-02,187.325000,196.750100,182.610000,188.270000,217448287
2023-02-03,183.950000,199.000000,183.690000,189.980000,232662023
2023-02-06,193.010000,198.170000,189.920000,194.760000,186188131
2023-02-07,196.430000,197.500000,189.550000,196.810000,186010325
2023-02-08,196.10,203.00,194.31,201.29,180673644
2023-02-09,207.775,214.00,204.77,207.32,215431442
2023-02-10,202.225,206.20,192.89,196.89,204754129
2023-02-13,194.415000,196.300000,187.610000,194.640000,172475452
2023-02-14,191.940000,209.820000,189.440000,209.250000,216455708
2023-02-15,211.755000,214.660000,206.110000,214.240000,182108581
2023-02-16,210.78,217.65,201.84,202.04,229586538
2023-02-17,199.985,208.44,197.50,208.31,213738549
2023-02-21,204.99,209.71,197.22,197.37,180018588
2023-02-22,197.93,201.99,191.78,200.86,191828457
2023-02-23,203.910000,205.140000,196.330000,202.070000,146359950
2023-02-24,196.325000,197.669500,192.800000,196.880000,142228105
2023-02-27,202.030000,209.420000,201.260000,207.630000,161028315
2023-02-28,210.590000,211.230000,203.750000,205.710000,153144912
2023-03-01,206.210000,207.200000,198.520000,202.770000,156852790
2023-03-02,186.740000,193.749900,186.010000,190.900000,181979154
2023-03-03,194.795000,200.480000,192.880000,197.790000,154193277
2023-03-06,198.540000,198.600000,192.300000,193.810000,128100106
2023-03-07,191.380000,194.200000,186.100000,187.710000,148125790
2023-03-08,185.040000,186.500000,180.000000,182.000000,151897763
2023-03-09,180.250000,185.180000,172.512400,172.920000,170023794
2023-03-10,175.130000,178.290000,168.440000,173.440000,191488872
2023-03-13,167.455000,177.350000,163.910000,174.480000,167790256
2023-03-14,177.310000,183.800000,177.140100,183.260000,143717897
2023-03-15,180.800000,182.340000,176.030000,180.450000,145995583
2023-03-16,180.365000,185.810000,178.840000,184.130000,121374453
2023-03-17,184.515000,186.219900,177.330000,180.130000,133197140
2023-03-20,178.080000,186.440000,176.350000,183.250000,129684359
2023-03-21,188.280000,198.000000,188.040000,197.580000,153391444
2023-03-22,199.300000,200.660000,190.950000,191.150000,150376373
2023-03-23,195.260000,199.310000,188.650000,192.220000,144193876
2023-03-24,191.650000,192.360000,187.150000,190.410000,116531584
2023-03-27,194.415000,197.390000,189.940000,191.810000,120851587
2023-03-28,192.000000,192.350000,185.430000,189.190000,98654635
2023-03-29,193.130000,195.290000,189.440000,193.880000,123660026
2023-03-30,195.580000,197.330000,194.420000,195.280000,110252238
2023-03-31,197.530000,207.790000,197.200000,207.460000,170222118
2023-04-03,199.910000,202.689700,192.200000,194.770000,169545900
2023-04-04,197.320000,198.744600,190.320000,192.580000,126463845
2023-04-05,190.515000,190.680000,183.760000,185.520000,133882493
2023-04-06,183.080000,186.390000,179.740000,185.060000,123857932
2023-04-10,179.940000,185.100000,176.110000,184.510000,142154637
2023-04-11,186.690000,189.190000,185.647500,186.790000,115770892
2023-04-12,190.740000,191.584600,180.310000,180.540000,150256278
2023-04-13,182.955000,186.500000,180.940000,185.900000,112932985
2023-04-14,183.950000,186.280000,182.010000,185.000000,96438664
2023-04-17,186.320000,189.690000,182.690000,187.040000,116662189
2023-04-18,187.150000,187.690000,183.577500,184.310000,92067016
2023-04-19,179.100000,183.500000,177.650000,180.590000,125732687
2023-04-20,166.165000,169.700000,160.560000,162.990000,210970819
2023-04-21,164.800000,166.000000,161.320800,165.080000,123538954
2023-04-24,164.650000,165.650000,158.610000,162.550000,140006559
2023-04-25,159.820000,163.470000,158.750000,160.670000,121999312
2023-04-26,160.290000,160.670000,153.140000,153.750000,153364142
2023-04-27,152.640000,160.480000,152.370000,160.190000,127015177
2023-04-28,160.900000,165.000000,157.320000,164.310000,122515812
2023-05-01,163.170000,163.280000,158.830000,161.830000,109015048
2023-05-02,161.880000,165.490000,158.930000,160.310000,128259744
2023-05-03,160.010000,165.000000,159.910000,160.610000,119727972
2023-05-04,162.710000,162.950000,159.650000,161.200000,95108492
2023-05-05,163.970000,170.789900,163.510000,170.060000,107607259
2023-05-08,173.720000,173.800000,169.190000,171.790000,112249449
2023-05-09,168.950000,169.820000,166.560000,169.150000,88965043
2023-05-10,172.550000,174.430000,166.680000,168.540000,119840693
2023-05-11,168.700000,173.570000,166.790000,172.080000,103889930
2023-05-12,176.070000,177.380000,167.230000,167.980000,157849625
2023-05-15,167.655000,169.760000,164.549900,166.350000,105592510
2023-05-16,165.650000,169.518400,164.350000,166.520000,98288792
2023-05-17,168.410000,174.500000,167.185000,173.860000,125473558
2023-05-18,174.220000,177.060000,172.450000,176.890000,109520332
2023-05-19,177.170000,181.950000,176.310000,180.140000,136196668
2023-05-22,180.700000,189.320000,180.110000,188.870000,132001430
2023-05-23,186.200000,192.960000,185.260000,185.770000,156952130
2023-05-24,182.230000,184.220000,178.220000,182.900000,137605054
2023-05-25,186.540000,186.780000,180.580000,184.470000,96870719
2023-05-26,184.620000,198.600000,184.530000,193.170000,162061496
2023-05-30,200.100000,204.480000,197.530000,201.160000,128818746
2023-05-31,199.780000,203.950000,195.120000,203.930000,150711736
2023-06-01,202.590000,209.800000,199.370000,207.520000,148029931
2023-06-02,210.150000,217.250000,209.752000,213.970000,164398372
2023-06-05,217.800000,221.290000,214.520000,217.610000,151143052
2023-06-06,216.140000,221.910000,212.530000,221.310000,146911576
2023-06-07,228.000000,230.829600,223.200000,224.570000,185710777
2023-06-08,224.220000,235.230000,223.010000,234.860000,164489739
2023-06-09,249.070000,252.420000,242.020000,244.400000,200242371
2023-06-12,247.940000,250.970000,244.590000,249.830000,150740523
2023-06-13,253.510000,259.680000,251.340000,258.710000,162384343
2023-06-14,260.170000,261.570000,250.500000,256.790000,170575536
2023-06-15,248.400000,258.950000,247.290000,255.900000,160171238
2023-06-16,258.920000,263.600000,257.209100,260.540000,167915649
2023-06-20,261.500000,274.750000,261.120000,274.450000,165611217
2023-06-21,275.130000,276.990000,257.780000,259.460000,211797109
2023-06-22,250.770000,265.000000,248.250000,264.610000,166875944
2023-06-23,259.290000,262.450000,252.800000,256.600000,177460803
2023-06-26,250.065000,258.370000,240.700000,241.050000,179990552
2023-06-27,243.240000,250.389900,240.850000,250.210000,164968214
2023-06-28,249.700000,259.880000,248.890000,256.240000,159770797
2023-06-29,258.030000,260.740000,253.610000,257.500000,131283360
2023-06-30,260.600000,264.450000,259.890000,261.770000,112620784
2023-07-03,276.490000,284.250000,275.110000,279.820000,119685891
2023-07-05,278.820000,283.850000,277.600000,282.480000,131530862
2023-07-06,278.090000,279.970000,272.880000,276.540000,120707419
2023-07-07,278.430000,280.780000,273.770000,274.430000,113879174
2023-07-10,276.470000,277.520000,265.100000,269.610000,119425405
2023-07-11,268.650000,270.900000,266.370000,269.790000,91972358
2023-07-12,276.325000,276.520000,271.460000,271.990000,95672139
2023-07-13,274.590000,279.450000,270.600000,277.900000,112681458
2023-07-14,277.010000,285.300000,276.310000,281.380000,120062369
2023-07-17,286.625000,292.230000,283.570000,290.380000,131569593
2023-07-18,290.150000,295.260000,286.010000,293.340000,112434713
2023-07-19,296.040000,299.290000,289.520100,291.260000,142355353
2023-07-20,279.560000,280.930000,261.200000,262.900000,175158273
2023-07-21,268.000000,268.000000,255.800000,260.020000,161796073
2023-07-24,255.850000,269.850000,254.120000,269.060000,137005037
2023-07-25,272.380000,272.900000,265.000000,265.280000,112757327
2023-07-26,263.250000,268.040000,261.750000,264.350000,95856177
2023-07-27,268.310000,269.130000,255.300000,255.710000,103697263
2023-07-28,259.860000,267.250000,258.231200,266.440000,111446026
2023-07-31,267.480000,269.080000,263.780000,267.430000,84582172
2023-08-01,266.260000,266.470000,260.250000,261.070000,83645720
2023-08-02,255.570000,259.520000,250.490000,254.110000,101752865
2023-08-03,252.040000,260.490000,252.000000,259.320000,97829545
2023-08-04,260.970000,264.770000,253.110000,253.860000,99539907
2023-08-07,251.450000,253.651100,242.760000,251.450000,111097943
2023-08-08,247.450000,250.920000,245.010000,249.700000,96642183
2023-08-09,250.870000,251.100000,241.900000,242.190000,101596324
2023-08-10,245.400000,251.800000,243.000000,245.340000,109498608
2023-08-11,241.770000,243.790000,238.020000,242.650000,99038642
2023-08-14,235.700000,240.660000,233.750000,239.760000,98595331
2023-08-15,238.730000,240.500000,232.610000,232.960000,88197599
2023-08-16,228.020000,233.970000,225.380000,225.600000,112484520
2023-08-17,226.060000,226.740000,218.830000,219.220000,120718417
2023-08-18,214.120000,217.580000,212.360000,215.490000,136276584
2023-08-21,221.551200,232.134300,220.580000,231.280000,135702671
2023-08-22,240.250000,240.820000,229.550000,233.190000,130597886
2023-08-23,229.340000,238.980000,229.290000,236.860000,101077635
2023-08-24,238.660000,238.920000,228.180100,230.040000,99777432
2023-08-25,231.310000,239.000000,230.350000,238.590000,106612231
2023-08-28,242.580000,244.380000,235.350000,238.820000,107673727
2023-08-29,238.580000,257.480000,237.770000,257.180000,134047603
2023-08-30,254.200000,260.510000,250.590000,256.900000,121988437
2023-08-31,255.980000,261.180000,255.050000,258.080000,108861698
2023-09-01,257.260000,259.079400,242.010000,245.010000,132541640
2023-09-05,245.000000,258.000000,244.860000,256.490000,129469565
2023-09-06,255.135000,255.390000,245.060000,251.920000,116959759
2023-09-07,245.070000,252.810000,243.265000,251.490000,115312886
2023-09-08,251.220000,256.520000,246.670000,248.500000,118559635
2023-09-11,264.270000,274.850000,260.610000,273.580000,174667852
2023-09-12,270.760000,278.390000,266.600000,267.480000,135999866
2023-09-13,270.070000,274.980000,268.100000,271.300000,111673737
2023-09-14,271.320000,276.709400,270.420000,276.040000,107709842
2023-09-15,277.550000,278.980000,271.000000,274.390000,133692313
2023-09-18,271.160000,271.440000,263.760100,265.280000,101543305
2023-09-19,264.350000,267.850000,261.200000,266.500000,103704040
2023-09-20,267.040000,273.930000,262.460600,262.590000,122514643
2023-09-21,257.85,260.86,254.21,255.70,119951516
2023-09-22,257.40,257.7888,244.48,244.88,127524083
2023-09-25,243.380000,247.100000,238.310000,246.990000,104636557
2023-09-26,242.980000,249.550000,241.660100,244.120000,101993631
2023-09-27,244.262000,245.330000,234.580000,240.500000,136597184
2023-09-28,240.020000,247.550000,238.650000,246.380000,117058870
2023-09-29,250.000000,254.770000,246.350000,250.220000,128522729
2023-10-02,244.810000,254.279900,242.620000,251.600000,123810402
2023-10-03,248.610000,250.020000,244.450000,246.530000,101985305
2023-10-04,248.140000,261.860000,247.600000,261.160000,129721567
2023-10-05,260.000000,263.600000,256.250000,260.050000,119159214
2023-10-06,253.980000,261.650000,250.650000,260.530000,118121812
2023-10-09,255.310000,261.360000,252.050000,259.670000,101377947
2023-10-10,257.750000,268.940000,257.650000,263.620000,122656030
2023-10-11,266.200000,268.600000,260.900000,262.990000,103706266
2023-10-12,262.920000,265.410000,256.630700,258.870000,111508114
2023-10-13,258.900000,259.600000,250.220000,251.120000,102296786
2023-10-16,250.050000,255.399900,248.480000,253.920000,88917176
2023-10-17,250.100000,257.183000,247.080000,254.850000,93562909
2023-10-18,252.700000,254.630000,242.080000,242.680000,125147846
2023-10-19,225.950000,230.610000,216.780000,220.110000,170772713
2023-10-20,217.010000,218.860600,210.420000,211.990000,138010095
2023-10-23,210.000000,216.980000,202.510000,212.080000,150683368
2023-10-24,216.500000,222.050000,214.110000,216.520000,118231113
2023-10-25,215.880000,220.100000,212.200000,212.420000,107065087
2023-10-26,211.320000,214.800000,204.880000,205.760000,115112635
2023-10-27,210.600000,214.640000,203.390000,207.300000,94881173
2023-10-30,209.280000,210.880000,194.670000,197.360000,136448167
2023-10-31,196.120000,202.800000,194.070000,200.840000,118068273
2023-11-01,204.040000,205.990000,197.850000,205.660000,121661656
2023-11-02,212.970000,219.200000,211.450000,218.510000,125987621
2023-11-03,221.150000,226.370100,218.400000,219.960000,119534790
2023-11-06,223.980000,226.320000,215.000000,219.270000,117335820
2023-11-07,219.980000,223.120000,215.720000,222.180000,116900130
2023-11-08,223.150000,224.150000,217.640000,222.110000,106584841
2023-11-09,219.750000,220.800000,206.680000,209.980000,142110454
2023-11-10,210.030000,215.380000,205.690000,214.650000,131310128
2023-11-13,215.600000,225.400000,211.610100,223.710000,140447569
2023-11-14,235.030000,238.135000,230.720000,237.410000,149771642
2023-11-15,239.290000,246.700000,236.450000,242.840000,150353975
2023-11-16,239.490000,240.880000,230.960000,233.590000,136816819
2023-11-17,232.000000,237.390000,226.540000,234.300000,142522502
2023-11-20,234.040000,237.100000,231.020000,235.600000,116562402
2023-11-21,235.040000,243.620000,233.340000,241.200000,122288000
2023-11-22,242.040000,244.010000,231.400000,234.210000,118117078
2023-11-24,233.750000,238.750000,232.330000,235.450000,65125203
2023-11-27,236.89,238.330000,232.10,236.080000,112031763
2023-11-28,236.680000,247.000000,234.010000,246.720000,148549913
2023-11-29,249.210000,252.750000,242.760000,244.140000,135401335
2023-11-30,245.140000,245.220000,236.910000,240.080000,132353196
2023-12-01,233.140000,240.190000,231.900000,238.830000,121331709
2023-12-04,235.750000,239.373300,233.290200,235.580000,104099817
2023-12-05,233.870000,246.660000,233.700000,238.720000,137971115
2023-12-06,242.920000,246.570000,239.170900,239.370000,126436179
2023-12-07,241.550000,244.080000,236.980000,242.640000,107142262
2023-12-08,240.270000,245.270000,239.270100,243.840000,103126829
2023-12-11,242.740000,243.441000,237.450000,239.740000,97913888
2023-12-12,238.550000,238.990000,233.870000,237.010000,95328313
2023-12-13,234.190000,240.300000,228.200000,239.290000,146286348
2023-12-14,241.220000,253.880000,240.790000,251.050000,160829239
2023-12-15,251.210000,254.130000,248.300000,253.500000,135932762
2023-12-18,253.780000,258.740000,251.360000,252.080000,116416490
2023-12-19,253.480000,258.339900,253.010000,257.220000,106737369
2023-12-20,256.410000,259.840000,247.000000,247.140000,125096987
2023-12-21,251.900000,254.799900,248.550000,254.500000,109594227
2023-12-22,256.760000,258.220000,251.370000,252.540000,93370094
2023-12-26,254.490000,257.970000,252.910000,256.610000,86892382
2023-12-27,258.350000,263.340000,257.520000,261.440000,106494359
2023-12-28,263.660000,265.130000,252.710000,253.180000,113619943
2023-12-29,255.100000,255.190000,247.430000,248.480000,100891578
2024-01-02,250.080000,251.250000,244.410000,248.420000,104654163
2024-01-03,244.980000,245.680000,236.320000,238.450000,121082599
2024-01-04,239.250000,242.700000,237.730000,237.930000,102629283
2024-01-05,236.860000,240.119600,234.900100,237.490000,92488939
2024-01-08,236.140000,241.250000,235.300000,240.450000,85166580
2024-01-09,238.110000,238.964600,232.040000,234.960000,96705664
2024-01-10,235.100000,235.500000,231.290000,233.940000,91628502
2024-01-11,230.570000,230.930000,225.370000,227.220000,105873612
2024-01-12,220.080000,225.340000,217.150100,218.890000,123043812
2024-01-16,215.100000,223.490000,212.180000,219.910000,115355046
2024-01-17,214.860000,215.670000,212.010000,215.550000,103164400
2024-01-18,216.880000,217.450000,208.740000,211.880000,108595431
2024-01-19,209.990000,213.190000,207.560000,212.190000,102260343
2024-01-22,212.260000,217.800000,206.270000,208.800000,117952527
2024-01-23,211.300000,215.650000,207.751600,209.140000,106605946
2024-01-24,211.880000,212.730000,206.770000,207.830000,123369932
2024-01-25,189.700000,193.000000,180.060000,182.630000,198076787
2024-01-26,185.500000,186.780000,182.100000,183.250000,107343231
2024-01-29,185.630000,191.480000,183.670000,190.930000,125013148
2024-01-30,195.330000,196.359300,190.610000,191.590000,109982327
2024-01-31,186.995000,193.970000,185.845900,187.290000,103221430
2024-02-01,188.500000,189.880000,184.280000,188.860000,91843275
2024-02-02,185.040000,188.690000,182.000000,187.910000,110612672
2024-02-05,184.260000,184.680000,175.010000,181.060000,134294447
2024-02-06,177.21,186.49,177.11,185.10,122675954
2024-02-07,188.18,189.79,182.68,187.58,111535217
2024-02-08,189.00,191.6171,185.58,189.56,83034043
2024-02-09,190.18,194.12,189.48,193.57,84476347
2024-02-12,192.11,194.73,187.28,188.13,95498597
2024-02-13,183.99,187.26,182.1087,184.02,86759478
2024-02-14,185.30,188.89,183.35,188.71,81202987
2024-02-15,189.16,200.88,188.8595,200.45,120831762
2024-02-16,202.06,203.17,197.40,199.95,111346705
2024-02-20,196.13,198.60,189.13,193.76,104545762
2024-02-21,193.36,199.44,191.95,194.77,103844008
2024-02-22,194.00,198.32,191.36,197.41,92739461
2024-02-23,195.310000,197.570000,191.500000,191.970000,78660613
2024-02-26,192.290000,201.780000,192.000000,199.400000,111747116
2024-02-27,204.04,205.60,198.26,199.73,108645412
2024-02-28,200.42,205.30,198.44,202.04,99806173
2024-02-29,204.180000,205.280000,198.446300,201.880000,85906974
2024-03-01,200.520000,204.520000,198.500000,202.640000,82096488
2024-03-04,198.730000,199.750000,186.720000,188.140000,134334869
2024-03-05,183.050000,184.590000,177.570000,180.740000,119660758
2024-03-06,179.990000,181.576000,173.700000,176.540000,107920944
2024-03-07,174.350000,180.040000,173.700000,178.650000,102129004
2024-03-08,181.500000,182.730000,174.700000,175.340000,85544644
2024-03-11,175.445000,182.870000,174.800000,177.770000,85391528
2024-03-12,177.770000,179.430000,172.410100,177.540000,87391684
2024-03-13,173.050000,176.050000,169.150000,169.480000,106524518
2024-03-14,167.770000,171.170000,160.510000,162.500000,126325696
2024-03-15,163.160000,165.184500,160.760000,163.570000,97146832
2024-03-18,170.020000,174.720000,165.900000,173.800000,108214358
2024-03-19,172.360000,172.820000,167.420000,171.320000,77271428
2024-03-20,173.000000,176.250000,170.820000,175.660000,83846726
2024-03-21,176.390000,178.180000,171.800000,172.820000,73178014
2024-03-22,166.690000,171.200000,166.300000,170.830000,75580637
2024-03-25,168.760000,175.240000,168.730000,172.630000,74228615
2024-03-26,178.580000,184.250000,177.380000,177.670000,113186227
2024-03-27,181.410000,181.910000,176.000000,179.830000,81804043
2024-03-28,177.450000,179.570000,175.300000,175.790000,77654838
2024-04-01,176.170000,176.750000,170.210000,175.220000,81562127
2024-04-02,164.750000,167.690000,163.430000,166.630000,116650594
2024-04-03,164.020000,168.820000,163.280000,168.380000,82950141
2024-04-04,170.070000,177.190000,168.010000,171.110000,123161960
2024-04-05,169.080000,170.860000,160.510000,164.900000,143157603
2024-04-08,169.340000,174.500000,167.790000,172.980000,104423320
2024-04-09,172.910000,179.220000,171.920000,176.880000,103232675
2024-04-10,173.040000,174.930000,170.010000,171.760000,84532407
2024-04-11,172.550000,175.880000,168.510000,174.600000,94515987
2024-04-12,172.340000,173.809900,170.364400,171.050000,64722669
2024-04-15,170.240000,170.690000,161.380000,161.480000,100245310
2024-04-16,156.742,158.19,153.75,157.11,96999956
2024-04-17,157.64,158.33,153.78,155.45,82439718
2024-04-18,151.25,152.20,148.70,149.93,96098830
2024-04-19,148.97,150.94,146.22,147.05,87074500
2024-04-22,140.56,144.44,138.8025,142.05,107097564
2024-04-23,143.33,147.26,141.11,144.68,124545104
2024-04-24,162.84,167.97,157.51,162.13,181178020
2024-04-25,158.96,170.88,158.36,170.18,126427521
2024-04-26,168.85,172.12,166.37,168.29,109815725
2024-04-29,188.42,198.87,184.54,194.05,243869678
2024-04-30,186.98,190.95,182.8401,183.28,127031787
2024-05-01,182.00,185.86,179.01,179.99,92829719
2024-05-02,182.86,184.60,176.02,180.01,89148041
2024-05-03,182.10,184.78,178.42,181.19,75491539
2024-05-06,183.80,187.56,182.20,184.76,84390253
2024-05-07,182.40,183.26,177.40,177.81,75045854
2024-05-08,171.59,176.06,170.15,174.72,79969488
2024-05-09,175.01,175.62,171.37,171.97,65950292
2024-05-10,173.05,173.0599,167.75,168.47,72627178
2024-05-13,170.00,175.40,169.00,171.89,67018903
2024-05-14,174.4959,179.49,174.07,177.55,86407422
2024-05-15,179.90,180.00,173.11,173.99,79662993
2024-05-16,174.10,175.79,171.43,174.84,59812220
2024-05-17,173.55,179.63,172.75,177.46,77445845
2024-05-20,177.56,177.754,173.520000,174.950000,61727425
2024-05-21,175.510000,186.875000,174.710000,186.600000,115266512
2024-05-22,182.850000,183.800000,178.120000,180.110000,88313477
2024-05-23,181.800000,181.900000,173.260000,173.740000,71975496
2024-05-24,174.835000,180.080000,173.730000,179.240000,65584478
2024-05-28,176.400000,178.250000,173.160000,176.750000,59736620
2024-05-29,174.190000,178.150000,173.930000,176.190000,54782649
2024-05-30,178.575000,182.670000,175.380000,178.790000,77784755
2024-05-31,178.500000,180.320000,173.820000,178.080000,67314602
2024-06-03,178.130000,182.638900,174.490000,176.290000,68568920
2024-06-04,174.775000,177.755000,174.000000,174.770000,60056340
2024-06-05,175.35,176.15,172.13,175.00,57953756
2024-06-06,174.60,179.73,172.73,177.94,69887024
2024-06-07,176.130000,179.350000,175.580000,177.480000,56244932
2024-06-10,176.06,178.57,173.17,173.79,50869682
2024-06-11,173.92,174.75,167.41,170.66,64761928
2024-06-12,171.12,180.55,169.80,177.29,90389446
2024-06-13,188.390000,191.080000,181.230000,182.470000,118984122
2024-06-14,185.800000,186.000000,176.920000,178.010000,82038194
2024-06-17,177.920000,188.810000,177.000000,187.440000,109786083
2024-06-18,186.560000,187.200000,182.370000,184.860000,68982265
2024-06-20,184.680000,185.210000,179.660000,181.570000,55893139
2024-06-21,182.300000,183.950000,180.690000,183.010000,63029482
2024-06-24,184.970000,188.800000,182.550000,182.580000,61992070
2024-06-25,184.400000,187.970000,182.010000,187.350000,63678265
2024-06-26,186.54,197.755,186.36,196.37,95737066
2024-06-27,195.17,198.72,194.05,197.42,72746521
2024-06-28,199.55,203.20,195.26,197.88,95438068
2024-07-01,201.02,213.23,200.85,209.86,135691395
2024-07-02,218.89,231.30,218.06,231.26,205047920
2024-07-03,234.560000,248.350000,234.250000,246.390000,166561471
2024-07-05,249.810000,252.370000,242.460100,251.520000,154501152
2024-07-08,247.71,259.439,244.57,252.94,157219580
2024-07-09,251.00,265.61,250.30,262.33,160742516
2024-07-10,262.80,267.59,257.86,263.26,128519430
2024-07-11,263.30,271.00,239.65,241.03,221707273
2024-07-12,235.80,251.84,233.0912,248.23,155955773
2024-07-15,255.97,265.60,251.73,252.64,146912920
2024-07-16,255.31,258.62,245.8001,256.56,126332470
2024-07-17,252.73,258.47,246.182,248.50,115584810
2024-07-18,251.09,257.14,247.20,249.23,110869037
2024-07-19,247.79,249.44,236.83,239.20,87403903
2024-07-22,244.21,253.21,243.75,251.51,101225430
2024-07-23,253.60,255.7594,245.63,246.38,111928192
2024-07-24,225.42,225.99,214.71,215.99,167942939
2024-07-25,216.80,226.00,216.231,220.25,100636466
2024-07-26,221.19,222.2799,215.33,219.80,94604145
2024-07-29,224.900000,234.270000,224.700000,232.100000,129201789
2024-07-30,232.250000,232.410000,220.000000,222.620000,100560334
2024-07-31,227.900000,234.680000,226.787500,232.070000,67497011
2024-08-01,227.690000,231.867000,214.332800,216.860000,83861898
2024-08-02,214.880000,216.130000,205.780000,207.670000,82880120
2024-08-05,185.220000,203.879900,182.000000,198.880000,100308836
2024-08-06,200.750000,202.900000,192.670000,200.640000,73783942
2024-08-07,200.770000,203.490000,191.480000,191.760000,71159778
2024-08-08,195.700000,200.700000,192.040000,198.840000,65033874
2024-08-09,197.050000,200.880000,195.110000,200.000000,58648274
2024-08-12,199.020000,199.260000,194.670000,197.490000,64044903
2024-08-13,198.470000,208.490000,197.060000,207.830000,76247387
2024-08-14,207.390000,208.440000,198.750000,201.380000,70250014
2024-08-15,205.02,215.88,204.82,214.14,89848530
2024-08-16,211.15,219.80,210.80,216.12,88765122
2024-08-19,217.07,222.98,214.09,222.72,76435222
2024-08-20,224.880000,228.220000,219.560000,221.100000,74001182
2024-08-21,222.670000,224.659400,218.860000,223.270000,70145964
2024-08-22,223.820000,224.800000,210.320000,210.660000,79514482
2024-08-23,214.455,221.48,214.21,220.32,81525207
2024-08-26,218.75,219.09,211.01,213.21,59301187
2024-08-27,213.25,215.66,206.94,209.21,62821390
2024-08-28,209.72,211.84,202.59,205.75,64116350
2024-08-29,209.800000,214.890000,205.970000,206.280000,62308818
2024-08-30,208.63,214.5701,207.03,214.11,63370608
2024-09-03,215.26,219.9043,209.64,210.60,76714222
2024-09-04,210.59,222.22,210.57,219.41,80651767
2024-09-05,223.49,235.00,222.25,230.17,119355013
2024-09-06,232.60,233.60,210.51,210.73,112177004
2024-09-09,216.200000,219.870000,213.670000,216.270000,67443518
2024-09-10,220.070000,226.400000,218.637700,226.170000,78891136
2024-09-11,224.550000,228.470000,216.800300,228.130000,83548633
2024-09-12,224.660000,231.450000,223.830000,229.810000,72020042
2024-09-13,228.000000,232.670000,226.320000,230.290000,59515114
2024-09-16,229.300000,229.96,223.53,226.780000,54322995
2024-09-17,229.45,234.57,226.5533,227.87,66761636
2024-09-18,230.09,235.68,226.88,227.20,78010204
2024-09-19,234.00,244.24,232.13,243.920000,102694576
2024-09-20,241.520000,243.990000,235.920000,238.250000,99879070
2024-09-23,242.610000,250.000000,241.920000,250.000000,86927194
2024-09-24,254.080000,257.190000,249.050100,254.270000,88490999
2024-09-25,252.54,257.05,252.28,257.02,65034318
2024-09-26,260.60,261.75,251.53,254.22,67142193
2024-09-27,257.375,260.6999,254.12,260.46,70988067
2024-09-30,259.04,264.86,255.77,261.63,80873381
2024-10-01,262.67,263.98,248.53,258.02,87397613
2024-10-02,247.55,251.1585,241.50,249.02,93983930
2024-10-03,244.48,249.79,237.81,240.66,80729240
2024-10-04,246.69,250.96,244.58,250.08,86726285
2024-10-07,249.00,249.83,240.70,240.83,68113270
2024-10-08,243.56,246.21,240.56,244.50,56303160
2024-10-09,243.82,247.43,239.51,241.05,66289529
2024-10-10,241.81,242.7899,232.34,238.77,83087063
2024-10-11,220.13,223.34,214.38,217.80,142628874
2024-10-14,220.130000,221.910000,213.740000,219.160000,86291923
2024-10-15,220.010000,224.260000,217.120000,219.570000,62988787
2024-10-16,221.400000,222.819900,218.930000,221.330000,49632824
2024-10-17,221.590000,222.080000,217.900000,220.890000,50791784
2024-10-18,220.710000,222.280000,219.230000,220.700000,49611867
2024-10-21,218.900000,220.480000,215.726000,218.850000,47328988
2024-10-22,217.310000,218.220000,215.260000,217.970000,43268741
2024-10-23,217.125000,218.720000,212.110000,213.650000,80938892
2024-10-24,244.680000,262.119900,242.650000,260.480000,204491903
2024-10-25,256.010000,269.490000,255.320000,269.190000,161611931
2024-10-28,270.000000,273.536000,262.240000,262.510000,107653603
2024-10-29,264.510000,264.980000,255.510000,259.520000,80521751
2024-10-30,258.035000,263.350000,255.820100,257.550000,53993576
2024-10-31,257.990000,259.750000,249.250000,249.850000,66575292
2024-11-01,252.043000,254.000000,246.630000,248.980000,57544757
2024-11-04,244.560000,248.900000,238.880000,242.840000,68802354
2024-11-05,247.340000,255.279900,246.210100,251.440000,69282505
2024-11-06,284.670000,289.590000,275.620000,288.530000,165228710
2024-11-07,288.890000,299.750000,285.520000,296.910000,117309232
2024-11-08,299.140000,328.710000,297.660000,321.220000,204782763
2024-11-11,346.300000,358.640000,336.000000,350.000000,210521625
2024-11-12,342.740000,345.840000,323.310000,328.490000,155726016
2024-11-13,335.850000,344.599900,322.500000,330.240000,125405599
2024-11-14,327.690000,329.980000,310.370000,311.180000,120726109
2024-11-15,310.570000,324.679900,309.220000,320.720000,114440286
2024-11-18,340.730000,348.549900,330.010000,338.740000,126547455
2024-11-19,335.760000,347.379900,332.750000,346.000000,88852452
2024-11-20,345.000000,346.599900,334.300000,342.030000,66340650
2024-11-21,343.810000,347.989900,335.280000,339.640000,58011719
2024-11-22,341.085000,361.530000,337.700000,352.560000,89140722
2024-11-25,360.140000,361.930000,338.200000,338.590000,95890899
2024-11-26,341.000000,346.960000,335.660000,338.230000,62295857
2024-11-27,341.800000,342.550000,326.590000,332.890000,57896439
2024-11-29,336.080000,345.450000,334.650100,345.160000,37167621
2024-12-02,352.380000,360.000000,351.150100,357.090000,77986478
2024-12-03,351.800000,355.690000,348.200000,351.420000,58267196
2024-12-04,353.000000,358.100000,348.600000,357.930000,50810874
2024-12-05,359.87,375.43,359.50,369.49,81403569
2024-12-06,377.42,389.49,370.80,389.22,81455834
2024-12-09,397.610000,404.800000,378.010000,389.790000,96359173
2024-12-10,392.680000,409.730000,390.850000,400.990000,97563578
2024-12-11,409.700000,424.880000,402.380000,424.770000,104287559
2024-12-12,424.840000,429.300000,415.000000,418.100000,87752225
2024-12-13,420.000000,436.300000,415.710000,436.230000,89000158
2024-12-16,441.090000,463.190000,436.150000,463.020000,114083811
2024-12-17,475.900000,483.990000,457.510100,479.860000,131222978
2024-12-18,466.495000,488.539900,427.010000,440.130000,149340788
2024-12-19,451.880000,456.360000,420.020000,436.170000,118566146
2024-12-20,425.505000,447.080000,417.640000,421.060000,132216176
2024-12-23,431.000000,434.510000,415.411200,430.600000,72698055
2024-12-24,435.90,462.78,435.14,462.28,59551750
2024-12-26,465.160000,465.329900,451.020000,454.130000,76651210
2024-12-27,449.520000,450.000000,426.500000,431.660000,82666821
2024-12-30,419.400000,427.000000,415.750000,417.410000,64941012
2024-12-31,423.790000,427.930000,402.540000,403.840000,76825121
2025-01-02,390.100000,392.729900,373.040000,379.280000,109710749
2025-01-03,381.480000,411.879900,379.450000,410.440000,95423329
2025-01-06,423.20,426.43,401.70,411.05,85516534
2025-01-07,405.83,414.33,390.00,394.36,76299530
2025-01-08,392.95,402.4999,387.40,394.94,73038805
2025-01-10,391.40,399.28,377.29,394.74,62287333
2025-01-13,383.210000,403.790000,380.070000,403.310000,67580494
2025-01-14,414.340000,422.640000,394.540000,396.360000,84565022
2025-01-15,409.900000,429.800000,405.661000,428.220000,81375460
2025-01-16,423.490000,424.000000,409.130000,413.820000,68335151
2025-01-17,421.50,439.74,419.75,426.50,94991429
2025-01-21,432.640000,433.200000,406.310000,424.070000,87320894
2025-01-22,416.810000,428.000000,414.590000,415.110000,60963342
2025-01-23,416.060000,420.730000,408.950000,412.380000,50690592
2025-01-24,414.450000,418.880000,405.780000,406.580000,56427149
2025-01-27,394.800000,406.690000,389.000000,397.150000,58125510
2025-01-28,396.910000,400.590000,386.500000,398.090000,48910676
2025-01-29,395.210000,398.589900,384.480000,389.100000,68033648
2025-01-30,410.780000,412.500000,384.410000,400.280000,98092879
2025-01-31,401.530000,419.990000,401.340000,404.600000,83568219
2025-02-03,386.680000,389.170000,374.360000,383.680000,93732122
2025-02-04,382.630000,394.000000,381.400000,392.210000,57072235
2025-02-05,387.510000,388.390000,375.530000,378.170000,57614721
2025-02-06,373.030000,375.400000,363.180000,374.320000,77918230
2025-02-07,370.190000,380.545900,360.340000,361.620000,70298258
2025-02-10,356.210000,362.700000,350.510000,350.730000,77514903
2025-02-11,345.800000,349.370000,325.100000,328.500000,118543400
2025-02-12,329.940000,346.400000,329.120000,336.510000,105382729
2025-02-13,345.000000,358.690000,342.850000,355.940000,89441519
2025-02-14,360.62,362.00,347.50,355.84,68277279
2025-02-18,355.01,359.10,350.02,354.11,51631702
2025-02-19,354.00,367.34,353.67,360.56,67094374
2025-02-20,361.51,362.30,348.00,354.40,45965354
2025-02-21,353.44,354.98,334.42,337.80,74058648
2025-02-24,338.14,342.3973,324.70,330.53,76052321
2025-02-25,327.025,328.89,297.2512,302.80,134228777
2025-02-26,303.715000,309.000000,288.040000,290.800000,100118276
2025-02-27,291.160000,297.230000,280.880000,281.950000,101748197
2025-02-28,279.500000,293.880000,273.600000,292.980000,115696968
2025-03-03,300.34,303.94,277.30,284.65,115551414
2025-03-04,270.93,284.35,261.8401,272.04,126706623
2025-03-05,272.92,279.55,267.71,279.10,94042913
2025-03-06,272.06,272.65,260.02,263.45,98451566
2025-03-07,259.32,266.2499,250.73,262.67,102369640
2025-03-10,252.535000,253.370000,220.000000,222.150000,189076948
2025-03-11,225.305000,237.064900,217.020000,230.580000,174896415
2025-03-12,247.220000,251.840000,241.100000,248.090000,142215681
2025-03-13,248.125000,248.290000,232.600000,240.680000,114813525
2025-03-14,247.310000,251.580000,240.730000,249.980000,100242264
2025-03-17,245.055000,245.400000,232.800000,238.010000,111900565
2025-03-18,228.155,230.10,222.28,225.31,111477636
2025-03-19,231.61,241.41,229.201,235.86,111993753
2025-03-20,233.345,238.00,230.0501,236.26,99028270
2025-03-21,234.985,249.52,234.55,248.71,132728684
2025-03-24,258.075,278.64,256.33,278.39,169079865
2025-03-25,283.60,288.20,271.28,288.14,150361538
2025-03-26,282.66,284.90,266.51,272.06,156254441
2025-03-27,272.48,291.85,271.8216,273.13,162572146
2025-03-28,275.575,276.10,260.57,263.55,123809389
2025-03-31,249.31,260.56,243.3601,259.16,134008936
2025-04-01,263.80,277.45,259.25,268.46,146486911
2025-04-02,254.60,284.99,251.27,282.76,212787817
2025-04-03,265.29,276.30,261.51,267.28,136174291
2025-04-04,255.38,261.00,236.00,239.43,181229353
2025-04-07,223.78,252.00,214.25,233.29,183453776
2025-04-08,245.00,250.44,217.80,221.86,172353472
2025-04-09,224.690000,274.690000,223.880000,272.200000,219433373
2025-04-10,260.000000,262.490000,239.330000,252.400000,181722604
2025-04-11,251.840000,257.740000,241.362900,252.310000,128948085
2025-04-14,258.36,261.80,245.93,252.35,100135241
2025-04-15,249.91,258.75,247.54,254.11,79594318
2025-04-16,247.61,251.97,233.89,241.55,112378737
2025-04-17,243.47,244.34,237.6833,241.37,83404775
2025-04-21,230.26,232.21,222.79,227.50,97768007
2025-04-22,230.96,242.79,229.8501,237.97,120858452
2025-04-23,254.86,259.4499,244.43,250.74,150381903
2025-04-24,250.50,259.54,249.20,259.51,94464195
2025-04-25,261.69,286.85,259.63,284.95,167870688
2025-04-28,288.98,294.86,272.42,285.88,151731771
2025-04-29,285.50,293.32,279.4695,292.03,108906553
2025-04-30,279.90,284.45,270.78,282.16,128961057
2025-05-01,280.01,290.8688,279.81,280.52,99658974
2025-05-02,284.90,294.78,279.81,287.21,114454683
2025-05-05,284.57,284.849,274.40,280.26,94618882
2025-05-06,273.105000,277.730000,271.350000,275.350000,76715792
2025-05-07,276.880000,277.920000,271.000000,276.220000,71882408
2025-05-08,279.630000,289.800000,279.410000,284.820000,97539448
2025-05-09,290.210000,307.040000,290.000000,298.260000,132387835
2025-05-12,321.990000,322.210000,311.500000,318.380000,112826661
2025-05-13,320.000000,337.589400,316.800000,334.070000,136992574
2025-05-14,342.50,350.00,337.00,347.68,136997264
2025-05-15,340.34,346.1393,334.7153,342.82,97882596
2025-05-16,346.24,351.62,342.33,349.98,95895665
2025-05-19,336.30,343.00,333.37,342.09,88869853
2025-05-20,347.87,354.9899,341.63,343.82,131715548
2025-05-21,344.43,347.35,332.20,334.62,102354844
2025-05-22,331.90,347.27,331.39,341.04,97113416
2025-05-23,337.92,343.18,333.21,339.34,84654818
2025-05-27,347.35,363.79,347.32,362.89,120146414
2025-05-28,364.84,365.00,355.91,356.90,91404309
2025-05-29,365.29,367.71,356.00,358.43,88545666
2025-05-30,355.52,363.68,345.29,346.46,123474938
2025-06-02,343.50,348.02,333.33,342.69,81873829
2025-06-03,346.595,355.40,343.04,344.27,99324544
2025-06-04,345.095,345.60,327.3308,332.05,98912075
2025-06-05,322.49,324.5499,273.21,284.70,292843818
2025-06-06,298.83,305.50,291.14,295.14,164747685
2025-06-09,285.955,309.83,281.85,308.58,140908876
2025-06-10,314.94,327.83,310.667,326.09,151256520
2025-06-11,334.395,335.50,322.50,326.43,122611360
2025-06-12,323.075,332.56,316.86,319.11,105127536
2025-06-13,313.97,332.99,313.30,325.31,129212806
2025-06-16,331.29,332.05,326.41,329.13,83925858
2025-06-17,326.09,327.26,314.74,316.35,88282669
2025-06-18,317.31,329.32,315.45,322.05,95137686
2025-06-20,327.95,332.36,317.78,322.16,108688008
2025-06-23,327.54,357.54,327.48,348.68,191027220
2025-06-24,356.17,356.26,340.44,340.47,114736245
2025-06-25,342.70,343.00,320.40,327.55,119845050
2025-06-26,324.61,331.05,323.61,325.78,80440907
2025-06-27,324.51,329.3393,317.495,323.63,89067049
2025-06-30,319.90,325.5799,316.60,317.66,76695081
2025-07-01,298.46,305.89,293.21,300.71,145085665
2025-07-02,312.63,316.832,303.82,315.65,119483730
2025-07-03,317.99,318.45,312.76,315.35,58042302
2025-07-07,291.370000,296.150000,288.770100,293.940000,131177949
2025-07-08,297.000000,304.049900,294.350000,297.810000,103246742
2025-07-09,297.550000,300.150000,293.550000,295.880000,75586771
2025-07-10,300.050000,310.480000,300.000000,309.870000,104365271
2025-07-11,307.890000,314.090000,305.650000,313.510000,79236442
2025-07-14,317.730000,322.598600,312.670000,316.900000,78043430
2025-07-15,319.675000,321.200000,310.500000,310.780000,77556346
2025-07-16,312.800000,323.500000,312.620000,321.670000,97284786
2025-07-17,323.15,324.34,317.0601,319.41,73922870
2025-07-18,321.66,330.90,321.42,329.65,94404993
2025-07-21,334.40,338.00,326.88,328.49,75768797
2025-07-22,329.74,335.4098,321.55,332.11,77370371
2025-07-23,330.90,336.20,328.67,332.56,92553756
2025-07-24,310.00,310.15,300.41,305.30,156966023
2025-07-25,308.74,323.63,308.01,316.060000,148227027
2025-07-28,318.450000,330.490000,315.690000,325.590000,112673755
2025-07-29,325.550000,326.250000,318.250000,321.200000,87358861
2025-07-30,322.180000,324.449900,311.616400,319.040000,83931942
2025-07-31,319.605000,321.370000,306.100000,308.270000,85270919
2025-08-01,306.205000,309.310000,297.820000,302.630000,89121446
2025-08-04,309.08,312.1186,303.0001,309.26,78683905
2025-08-05,308.95,312.4499,305.50,308.72,57961278
2025-08-06,307.89,320.47,306.9345,319.91,78523579
2025-08-07,319.79,322.40,316.16,322.27,66658672
2025-08-08,321.43,335.15,320.98,329.65,91200319
2025-08-11,335.00,346.64,334.15,339.03,105320174
2025-08-12,345.00,345.26,332.94,340.84,80690111
2025-08-13,341.50,348.98,338.20,339.38,67838892
2025-08-14,335.76,340.4699,330.40,335.58,75000662
2025-08-15,337.655,339.30,327.02,330.56,74319792
2025-08-18,329.620000,336.270000,329.590000,335.160000,56956552
2025-08-19,335.790000,340.550000,327.850000,329.310000,75956002
2025-08-20,329.220000,331.370000,314.600000,323.900000,77481768
2025-08-21,322.080000,324.900000,318.680000,320.110000,55744445
2025-08-22,321.660000,340.250000,319.690000,340.010000,94016347
2025-08-25,338.900000,349.530000,335.030000,346.600000,86670037
2025-08-26,344.930000,351.900000,343.720000,351.670000,76651550
2025-08-27,351.940000,355.390000,349.156000,349.600000,65519012
2025-08-28,350.91,353.55,340.26,345.98,67903224
2025-08-29,347.23,348.7499,331.70,333.87,81145660
2025-09-02,328.230000,333.330000,325.600000,329.360000,58391952
2025-09-03,335.200000,343.330000,328.510000,334.090000,88733288
2025-09-04,336.150000,338.890000,331.480000,338.530000,60711033
2025-09-05,348.000000,355.870000,344.680100,350.840000,108989785
2025-09-08,354.640000,358.440000,344.840000,346.400000,75208290
2025-09-09,348.440000,350.770000,343.820000,346.970000,53815991
2025-09-10,350.550000,356.330000,346.070000,347.790000,72121679
2025-09-11,350.170000,368.990000,347.600000,368.810000,103756010
2025-09-12,370.94,396.6899,370.24,395.94,168198891
2025-09-15,423.13,425.70,402.43,410.04,163823667
2025-09-16,414.495,423.25,411.43,421.62,104285721
2025-09-17,415.75,428.312095,409.67,425.86,106133532
2025-09-18,428.865,432.2199,416.56,416.85,90454509
2025-09-19,421.82,429.47,421.72,426.07,93131034
2025-09-22,431.11,444.98,429.13,434.21,97108777
2025-09-23,439.88,440.97,423.72,425.85,83422691
2025-09-24,429.83,444.21,429.0301,442.79,93133570
2025-09-25,435.24,435.35,419.08,423.39,96746426
2025-09-26,428.30,440.47,421.02,440.40,101628160
2025-09-29,444.35,450.98,439.50,443.21,79491510
2025-09-30,441.52,445.00,433.12,444.72,74357960
2025-10-01,443.80,462.29,440.75,459.46,98122285
2025-10-02,470.54,470.75,435.57,436.00,137008950
2025-10-03,443.285,446.77,416.575,429.83,133188180
2025-10-06,440.75,453.55,436.69,453.25,85324878
2025-10-07,447.82,452.68,432.4501,433.09,102296082
2025-10-08,437.57,441.33,425.23,438.69,71192128
2025-10-09,431.81,436.35,426.18,435.54,69339928
2025-10-10,436.54,443.13,411.45,413.49,112107870
2025-10-13,423.53,436.89,419.70,435.90,79552785
2025-10-14,426.79,434.20,417.86,429.24,72669438
2025-10-15,434.90,440.51,426.3301,435.15,71558185
2025-10-16,434.73,439.35,421.3101,428.75,77189889
2025-10-17,425.50,441.4558,423.60,439.31,89331578
2025-10-20,443.865,449.80,440.61,447.43,63718971
2025-10-21,445.755,449.30,442.05,442.60,54412169
2025-10-22,443.45,445.539,429.00,438.97,84023458
2025-10-23,420.00,449.3999,413.90,448.98,126709833
2025-10-24,446.83,451.68,430.17,433.72,94727774
2025-10-27,439.980000,460.160000,438.690000,452.420000,105867547
2025-10-28,454.775000,467.000000,451.600000,460.550000,80185667
2025-10-29,462.500000,465.700000,452.650000,461.510000,67983544
2025-10-30,451.050000,455.060700,439.610000,440.100000,72447938
2025-10-31,446.750000,458.000000,443.685500,456.560000,83135787
2025-11-03,455.99,474.07,453.80,468.37,84595244
2025-11-04,454.46,460.22,443.60,444.26,87756644
2025-11-05,452.05,466.3299,440.71,462.07,85573015
2025-11-06,461.96,467.45,435.09,445.91,109622907
2025-11-07,437.92,439.36,421.88,429.52,103525363
2025-11-10,439.60,449.6715,433.36,445.23,76515907
2025-11-11,439.40,442.49,432.36,439.62,60533237
2025-11-12,442.15,442.329,426.56,430.60,58513520
2025-11-13,423.13,424.50,396.34,401.99,118948032
2025-11-14,386.30,412.19,382.78,404.35,105506682
2025-11-17,398.74,423.96,398.74,408.92,102214259
2025-11-18,405.38,408.90,393.71,401.250000,80688637
2025-11-19,406.18,411.78,398.50,403.99,72047704
2025-11-20,414.63,428.94,394.74,395.23,113548827
2025-11-21,402.32,402.80,383.76,391.09,100460633
2025-11-24,402.17,421.72,401.09,417.78,96998234
2025-11-25,414.42,420.48,405.95,419.40,71915624
2025-11-26,423.95,426.94,416.89,426.58,63462996
2025-11-28,426.590000,432.930000,426.200000,430.170000,36252861
2025-12-01,425.320000,433.659900,425.290000,430.140000,57463552
2025-12-02,430.810000,436.800000,422.120000,429.240000,69336626
2025-12-03,432.100000,447.920000,431.110000,446.740000,87482964
2025-12-04,449.940000,454.630000,445.390000,454.530000,71906488
2025-12-05,453.030000,458.870000,451.660000,455.000000,56427522
2025-12-08,447.445000,449.746300,435.250000,439.580000,69165753
2025-12-09,437.540000,452.390000,435.700000,445.170000,62367442
2025-12-10,446.065,456.88,443.61,451.45,63257475
2025-12-11,448.945,449.2699,440.330000,446.890000,55979492
2025-12-12,448.090000,463.010000,441.670000,458.960000,95656749
2025-12-15,469.440000,481.769400,467.660000,475.310000,114542204
2025-12-16,472.210000,491.500000,465.830000,489.880000,107608075
2025-12-17,488.220000,495.279900,466.200000,467.260000,106490405
2025-12-18,478.160000,490.860000,473.120000,483.370000,95168446
2025-12-19,488.120000,490.490000,474.720000,481.200000,103305424
2025-12-22,489.880000,498.830000,485.330000,488.730000,86916066
2025-12-23,489.395000,491.970000,482.840000,485.560000,58223633
2025-12-24,488.480000,490.900000,476.800000,485.400000,41285429
2025-12-26,485.230000,489.090000,473.820000,475.190000,58780659
2025-12-29,469.000000,469.400000,459.000000,459.640000,66263033
2025-12-30,461.090000,463.120000,453.830000,454.430000,59238464
2025-12-31,456.100000,456.550000,449.300000,449.720000,49077961
2026-01-02,457.800000,458.340000,435.300000,438.070000,85535406
2026-01-05,447.990000,457.549900,444.570000,451.670000,67940839
2026-01-06,446.380000,448.250000,428.780000,432.960000,89093758
2026-01-07,435.900000,438.370000,431.290000,431.410000,59828790
2026-01-08,427.890000,436.890000,424.365000,435.800000,57041094
2026-01-09,435.945000,449.050000,430.390000,445.010000,67331456
2026-01-12,441.225000,454.300000,438.000000,448.960000,61649627
2026-01-13,450.20,451.81,443.95,447.20,53719214
2026-01-14,442.81,443.91,434.22,439.20,57259500
2026-01-15,441.125,445.36,437.65,438.57,49465813
2026-01-16,439.50,447.25,435.2601,437.50,60220551
2026-01-20,429.36,430.725,417.44,419.25,63187336
2026-01-21,421.66,438.20,419.6201,431.44,68123987
2026-01-22,435.16,449.50,432.6293,449.36,71546729
2026-01-23,447.425,452.43,444.04,449.06,56771364
2026-01-26,445.00,445.04,434.28,435.20,49397415
2026-01-27,437.410000,437.520000,430.690000,430.900000,37733077
2026-01-28,431.910000,438.260000,430.100000,431.460000,54857403
2026-01-29,437.800000,440.229900,414.620000,416.560000,81686127
2026-01-30,425.350000,439.880000,422.700000,430.410000,82626066
2026-02-02,421.290000,427.150000,414.500000,421.810000,58739455
2026-02-03,424.270000,428.560000,413.690100,421.960000,56886549
2026-02-04,420.460000,423.900000,399.180000,406.010000,74606873
2026-02-05,397.015000,402.100000,387.530900,397.210000,72819838
2026-02-06,400.870000,414.550000,397.751000,411.110000,62677144
2026-02-09,409.905000,421.250000,407.290000,417.320000,54484258
2026-02-10,418.080000,427.250000,417.000000,425.210000,64450233
2026-02-11,427.955000,436.350000,420.030000,428.270000,57361989
2026-02-12,430.300000,436.230000,414.000000,417.070000,61933359
2026-02-13,414.305000,424.060000,410.880000,417.440000,51434147
2026-02-17,412.360000,413.720000,400.510000,410.630000,59678789
2026-02-18,411.110000,416.900000,409.580000,411.320000,45921402
2026-02-19,407.250000,415.249900,404.110000,411.710000,51019638
2026-02-20,408.300000,414.700000,405.500000,411.820000,57912225
2026-02-23,407.285000,407.700000,394.040000,399.830000,69680026
2026-02-24,399.500000,410.820000,397.640000,409.380000,58579482
2026-02-25,412.150000,420.340000,412.150000,417.400000,54809704
2026-02-26,414.420000,416.810000,403.660000,408.580000,53602497
2026-02-27,402.940000,407.120000,398.110000,402.510000,56890097
2026-03-02,390.600000,404.540000,388.250000,403.320000,55088338
2026-03-03,395.090000,396.340000,385.390000,392.430000,62617298
2026-03-04,397.845000,408.330000,394.580000,405.940000,68305513
2026-03-05,401.570000,408.620000,399.420000,405.550000,51925898
2026-03-06,398.090000,402.350000,394.210000,396.730000,64054561
2026-03-09,390.050000,401.590000,381.400000,398.680000,67018911
2026-03-10,402.220000,406.590000,398.190000,399.235000,59258743
2026-03-11,402.280000,416.379900,402.150000,407.820000,62559930
2026-03-12,405.175000,406.500000,394.650000,395.010000,60973793
2026-03-13,399.165000,400.200000,389.950000,391.200000,58504091
2026-03-16,396.220000,403.730000,394.420000,395.560000,58068343
2026-03-17,395.690000,400.120000,393.000000,399.270000,46890467
2026-03-18,399.000000,403.065000,392.310000,392.780000,50853149
2026-03-19,387.270000,387.270000,378.730000,380.300000,67078259
2026-03-20,379.850000,379.890000,364.460100,367.960000,78628603
2026-03-23,373.090000,385.330000,372.730000,380.850000,74606049
2026-03-24,376.560000,387.480000,376.310000,383.030000,60004909
2026-03-25,389.990000,396.230000,385.010000,385.950000,55157265
2026-03-26,381.600000,384.440000,371.870000,372.110000,55522879
2026-03-27,369.690000,369.860000,359.470000,361.830000,62065659
2026-03-30,365.860000,367.290000,352.140000,355.280000,67954405
2026-03-31,361.510000,373.330000,361.000000,371.750000,75534934
2026-04-01,378.630000,383.140000,374.080000,381.260000,58683752
2026-04-02,364.195000,370.280000,359.030000,360.590000,83031226
2026-04-06,362.590000,367.720000,346.640000,352.820000,77697643
2026-04-07,346.44,348.02,337.24,346.65,74515355
2026-04-08,363.79,364.50,339.67,343.25,78838616
2026-04-09,343.15,348.88,337.25,345.62,62164016
2026-04-10,346.285,350.36,342.74,348.95,51336034
2026-04-13,350.065,356.35,348.57,352.420000,53617477
2026-04-14,357.670000,367.630000,354.770000,364.200000,59979607
2026-04-15,366.830000,394.650000,362.500000,391.950000,113810355
2026-04-16,393.810000,394.060000,381.800000,388.900000,63515136
2026-04-17,395.920000,409.280000,391.650000,400.620000,90640032
2026-04-20,402.580000,406.800000,388.330000,392.500000,64603868
2026-04-21,393.000000,393.950000,385.220100,386.420000,50530611
2026-04-22,387.570000,393.010000,385.300000,387.510000,62362785
2026-04-23,375.280000,386.000000,368.390000,373.720000,93969510
2026-04-24,373.500000,382.760000,370.730000,376.300000,62893307
2026-04-27,372.090000,380.780000,364.020000,378.670000,66735816
2026-04-28,374.675000,382.290000,372.550000,376.020000,50864357
2026-04-29,375.400000,376.400000,370.040000,372.800000,45384836
2026-04-30,372.750000,384.750000,368.170000,381.630000,51076041
2026-05-01,382.485000,397.821100,378.800000,390.820000,65338257
2026-05-04,390.23,394.64,384.8004,392.510000,48765143
2026-05-05,395.185000,402.120000,389.000000,389.370000,47780631
2026-05-06,386.25,401.680000,384.02,398.730000,53465365
2026-05-07,407.48,415.83,402.12,411.79,64294224
2026-05-08,416.475,431.20,416.39,428.35,65049970
2026-05-11,422.16,449.16,416.80,445.00,78376127
2026-05-12,441.41,447.80,422.26,433.45,60569303
2026-05-13,436.665,453.40,430.21,445.27,68283229
2026-05-14,446.490000,451.980000,441.160000,443.300000,46070361
2026-05-15,433.980000,434.660000,422.000000,422.240000,52688742
2026-05-18,419.270000,421.130000,405.330000,409.990000,52474188
2026-05-19,403.160000,405.63,393.63,404.110000,46500551
2026-05-20,407.600000,417.460000,406.390000,417.260000,45294745
2026-05-21,422.175000,426.950000,412.900000,417.850000,42636854
2026-05-22,422.665000,431.510000,420.510000,426.010000,46104710
2026-05-26,430.260000,435.200000,426.120000,433.590000,45658897
2026-05-27,442.890000,445.600000,435.520000,440.360000,44656505
2026-05-28,437.615000,443.960000,436.300000,442.100000,32434996
2026-05-29,439.845000,441.070000,428.140000,435.790000,45176821
2026-06-01,427.490000,429.600000,415.430000,415.880000,44937852
2026-06-02,418.220000,424.420000,413.650000,423.740000,37596045
2026-06-03,418.700000,433.600000,416.000000,423.700000,44500733
2026-06-04,419.840000,426.349900,417.160000,418.450000,35323259
2026-06-05,420.500000,424.679900,388.590000,391.000000,63420177
2026-06-08,396.330000,412.940000,394.720000,408.950000,50328834
2026-06-09,411.030000,418.500000,384.240000,396.680000,59940230
2026-06-10,391.54,397.09,380.15,381.59,49762974
2026-06-11,388.280000,399.540000,380.660000,399.150000,45324348
2026-06-12,399.490000,406.680000,386.760000,406.430000,63652286
2026-06-15,412.37,416.00,407.10,411.15,45620514
2026-06-16,404.110000,412.420000,400.540000,404.660000,40255473
2026-06-17,401.530000,405.940000,393.760000,396.380000,43534299
2026-06-18,398.095000,402.520000,384.700000,400.490000,58384713
2026-06-22,394.850000,414.750000,394.400000,405.050000,47819486
2026-06-23,392.61,392.87,379.060000,381.610000,50420210
2026-06-24,380.080000,384.580000,373.050000,375.530000,37081421
2026-06-25,375.270000,379.117000,371.221000,375.120000,30259987
2026-06-26,370.15,387.80,368.60,379.71,53434138
2026-06-29,381.790000,413.270000,379.300000,411.840000,57645798
2026-06-30,406.000000,424.540000,406.000000,420.600000,43385619
2026-07-01,421.460000,432.859900,418.090100,425.300000,40127902
2026-07-02,428.010000,432.350000,389.301100,393.450000,73915762
2026-07-06,397.500000,420.000000,390.500000,419.770000,54727861
2026-07-07,416.960000,419.560000,401.880000,402.900000,38149901
2026-07-08,399.375000,399.630000,390.510000,394.060000,33844906
2026-07-09,393.990000,407.860000,390.863100,406.550000,37834988
2026-07-10,410.490000,413.160000,402.810100,407.760000,33409995
2026-07-13,404.610000,405.570000,391.370000,394.760000,32809171
2026-07-14,399.050000,402.220000,394.760000,396.180000,23384992
2026-07-15,399.395000,406.5895,390.66,394.460000,31549805
2026-07-16,392.35,395.31,385.32,391.06,29269113
2026-07-17,381.780000,385.689900,377.220000,380.840000,31394594
2026-07-20,386.045000,386.610000,369.425000,369.570000,33901516
2026-07-21,371.165,384.07,369.98,378.93,32735334
2026-07-22,375.53,380.17,372.90,374.01,30646124
2026-07-23,341.00,342.11,315.735,319.69,115606413
2026-07-24,320.72,322.96,306.51,313.03,62760007
2026-07-27,313.24,317.00,304.28,309.22,44919377
2026-07-28,305.925,311.16,300.69,307.44,39802421
2026-07-29,307.14,309.06,297.38,298.32,39478039
2026-07-30,302.70,310.87,301.33,308.85,38005390
2026-07-31,309.69,315.50,301.97,311.21,36630560
2026-08-03,310.960000,324.650000,310.425000,322.080000,38281362
2026-08-04,324.000000,329.570000,320.790100,327.350000,33318303
2026-08-05,323.420000,327.140000,320.280000,321.550000,27820813
2026-08-06,317.050000,323.000000,315.520500,319.530000,26033776
2026-08-07,322.340000,333.730000,321.250800,328.580000,39492345
2026-08-10,326.595000,332.050000,326.150000,330.880000,25003808
2026-08-11,332.800000,336.200000,329.530000,332.810000,23345233
2026-08-12,335.000000,335.500000,323.640000,327.510000,28698879
2026-08-13,327.200000,341.640000,325.240000,339.960000,34708303
2026-08-14,342.330000,351.260000,335.330600,342.270000,45437144
2026-08-17,340.690000,345.450000,337.480000,339.300000,26037093
2026-08-18,333.22,340.53,331.12,336.87,27994466
2026-08-19,338.89,351.62,335.70,351.12,36735428
2026-08-20,346.20,347.50,338.96,345.13,30766360
2026-08-21,349.88,366.50,346.90,362.86,59223958
2026-08-24,361.41,363.24,348.26,348.95,39190484
2026-08-25,349.580000,357.000000,349.200300,350.250000,29816685
2026-08-26,345.270000,351.930000,342.530000,345.820000,28573007
2026-08-27,346.155000,355.740000,345.450000,354.810000,30136164
2026-08-28,357.095000,358.800000,345.200000,348.750000,32972214
2026-08-31,347.210000,368.920000,347.150000,367.950000,61732258
2026-09-01,360.90,362.70,352.96,356.09,36193926
2026-09-02,360.41,360.62,349.92,357.01,33951909
2026-09-03,365.82,384.04,365.82,376.365,63702683
2026-09-04,362.07,364.69,351.3201,354.08,65018209
2026-09-08,357.095,370.00,355.75,368.16,51098133
2026-09-09,368.25,375.44,366.00,367.81,32564336
2026-09-10,360.595,369.21,357.68,363.56,29667241
2026-09-11,364.20,368.66,361.60,365.44,30153019
2026-09-14,359.780000,367.730000,357.040000,358.970000,32477181
2026-09-15,358.750000,362.390000,354.050000,356.580000,30317727
2026-09-16,357.925000,365.100000,354.891300,358.080000,32177388
2026-09-17,367.480000,374.120000,363.220000,366.200000,38924057
2026-09-18,369.000000,370.900000,360.751000,364.270000,51922256
2026-09-21,371.635000,378.360000,371.070000,375.300000,36599609
2026-09-22,379.069000,380.420000,372.880000,378.900000,28229908
2026-09-23,380.100000,386.700000,377.575000,380.120000,33415208
