date,open,high,low,close,volume,quote_volume,trades
2023-11-03,0.001,0.1,0.001,0.026208,15166224095.0,364531502.838422,1466137
2023-11-04,0.026186,0.0265,0.022801,0.02508,5608900633.0,138830665.182965,543401
2023-11-05,0.02508,0.025099,0.019,0.019846,4650057713.0,100397841.403391,428231
2023-11-06,0.019849,0.021337,0.019153,0.021001,2688230900.0,54249622.902433,224231
2023-11-07,0.021,0.021,0.016611,0.017777,3423831583.0,63727402.794885,242824
2023-11-08,0.017783,0.019072,0.017431,0.018144,2569354530.0,46745018.382875,170913
2023-11-09,0.018145,0.0224,0.01574,0.019431,8500408093.0,171987211.480429,535946
2023-11-10,0.019425,0.0217,0.018605,0.021021,4049685804.0,82390944.745773,300741
2023-11-11,0.021007,0.025,0.02,0.02223,5624995304.0,127293132.645329,457748
2023-11-12,0.022234,0.022466,0.020233,0.021675,2079258285.0,44603202.201501,162701
2023-11-13,0.021695,0.036958,0.021275,0.034014,13431657889.0,409639151.400975,1344337
2023-11-14,0.03402,0.03834,0.029,0.036204,10022409067.0,343692153.579389,1011822
2023-11-15,0.036171,0.041174,0.033056,0.03386,7444362295.0,282624000.159387,820316
2023-11-16,0.033861,0.036116,0.03007,0.030984,4511907781.0,151023224.787193,580849
2023-11-17,0.030983,0.034454,0.02683,0.029232,3918037386.0,117819592.134634,465737
2023-11-18,0.029233,0.029238,0.02516,0.02682,2439024038.0,65091344.514756,279030
2023-11-19,0.02682,0.031543,0.025009,0.030933,4454959903.0,128349884.027704,506807
2023-11-20,0.030928,0.031083,0.02735,0.027861,2678149182.0,78119748.660881,314897
2023-11-21,0.027856,0.028274,0.023523,0.023758,3006319943.0,77998296.404898,427492
2023-11-22,0.023736,0.02678,0.023713,0.026356,2286222067.0,58460913.49848,245880
2023-11-23,0.026365,0.02862,0.025846,0.026974,2389203567.0,65210497.312987,298661
2023-11-24,0.026964,0.028572,0.026537,0.027132,1774653346.0,48572863.70187,227813
2023-11-25,0.027132,0.03289,0.026762,0.032068,3894896174.0,118270949.71921,519258
2023-11-26,0.032065,0.033065,0.02809,0.029141,2688850916.0,81986955.024538,378708
2023-11-27,0.029155,0.03029,0.026268,0.027179,2088001354.0,57948452.635411,277486
2023-11-28,0.02717,0.0285,0.026,0.028184,1819438693.0,50130259.377734,226479
2023-11-29,0.028193,0.028835,0.026324,0.026741,1344043162.0,37001644.986238,167006
2023-11-30,0.026744,0.027465,0.026064,0.027132,892837965.0,23897410.89032,129342
2023-12-01,0.027136,0.028768,0.026855,0.02771,1455972395.0,40586907.413735,173307
2023-12-02,0.027712,0.032771,0.027644,0.031398,3677911044.0,111357778.04419,411640
2023-12-03,0.031397,0.03436,0.0295,0.030277,3131518374.0,98224475.080664,387848
2023-12-04,0.030273,0.03398,0.027496,0.032895,3972639426.0,124945913.663823,538440
2023-12-05,0.032897,0.046644,0.03224,0.043086,10335730651.0,425904408.331247,1905220
2023-12-06,0.043072,0.047362,0.034983,0.040032,7370099863.0,298544370.947605,1252031
2023-12-07,0.040047,0.043925,0.037509,0.039232,4602864255.0,187410798.323102,817819
2023-12-08,0.03924,0.0411,0.037915,0.039311,2416039484.0,95068327.169468,416819
2023-12-09,0.039315,0.04183,0.038311,0.038805,2677297845.0,106482947.537644,418918
2023-12-10,0.038814,0.040496,0.0375,0.03856,1931615590.0,74834699.352852,287163
2023-12-11,0.038569,0.038977,0.0309,0.03463,2499330070.0,86327090.558049,437132
2023-12-12,0.034658,0.03661,0.033042,0.034165,1660585475.0,57750670.454235,298945
2023-12-13,0.034155,0.034779,0.031017,0.034155,1567906529.0,51105860.999997,230297
2023-12-14,0.034163,0.035827,0.030215,0.034948,1876664589.0,63689836.578816,294112
2023-12-15,0.034943,0.036815,0.030744,0.030949,2207404266.0,75515207.52855,312659
2023-12-16,0.030949,0.033092,0.030574,0.032609,1127007120.0,36165779.419193,186062
2023-12-17,0.032616,0.03332,0.030606,0.030854,1132058735.0,36155871.735875,192558
2023-12-18,0.030839,0.031331,0.027235,0.029174,1453123604.0,41941860.770665,212177
2023-12-19,0.029171,0.031301,0.028882,0.030832,1667332995.0,50346137.651357,221316
2023-12-20,0.030838,0.03197,0.029392,0.030412,1341151987.0,40782622.849992,180458
2023-12-21,0.030414,0.031796,0.02972,0.030983,1268207708.0,39094252.793487,163319
2023-12-22,0.03099,0.034332,0.029763,0.03321,1883529094.0,59581270.724009,250334
2023-12-23,0.033205,0.033206,0.0307,0.031487,857451961.0,27058616.978807,136464
2023-12-24,0.031487,0.03225,0.0284,0.029479,1134203267.0,34887192.378436,167752
2023-12-25,0.029477,0.031549,0.029261,0.030899,960863871.0,29306027.202213,146722
2023-12-26,0.030898,0.031497,0.026116,0.0294,1248180118.0,37352023.690723,213491
2023-12-27,0.0294,0.029672,0.028095,0.029272,732977551.0,21250602.897153,124210
2023-12-28,0.029281,0.029896,0.026862,0.027754,798895646.0,22671577.877851,129510
2023-12-29,0.027749,0.028849,0.026723,0.02797,891097167.0,24615934.746387,126841
2023-12-30,0.027965,0.028449,0.027,0.02784,593344385.0,16551458.59057,93663
2023-12-31,0.027843,0.029203,0.026603,0.027282,652455474.0,18276075.1184,108892
2024-01-01,0.027288,0.027998,0.02521,0.027919,770484185.0,20575173.846671,123272
2024-01-02,0.02792,0.029053,0.026857,0.02712,873523288.0,24557450.164163,136621
2024-01-03,0.02712,0.028927,0.01685,0.022959,2016530390.0,48942432.442281,315225
2024-01-04,0.022951,0.03142,0.022733,0.026294,5130205932.0,140453174.855705,728566
2024-01-05,0.026294,0.026912,0.022567,0.024562,1701508466.0,41984889.776216,289259
2024-01-06,0.024563,0.025728,0.022651,0.024465,1448871308.0,35676811.178012,251513
2024-01-07,0.024468,0.025019,0.022639,0.023109,931085228.0,22383632.015893,150282
2024-01-08,0.023112,0.023492,0.020557,0.023281,1316233820.0,29268262.446314,218598
2024-01-09,0.023286,0.02346,0.021047,0.022063,1100785805.0,24448726.273751,164496
2024-01-10,0.022066,0.02461,0.021284,0.023999,900471442.0,20427983.345334,146455
2024-01-11,0.023996,0.027104,0.023461,0.026439,1759395449.0,44506726.54431,262403
2024-01-12,0.026437,0.027989,0.023603,0.0247,1758047663.0,46361191.765075,296865
2024-01-13,0.02469,0.027394,0.023674,0.026789,889666899.0,22729283.932412,153764
2024-01-14,0.026792,0.029812,0.026115,0.027417,2268225273.0,64032982.266314,343690
2024-01-15,0.027411,0.029467,0.026751,0.02725,1181807875.0,33170979.134826,180946
2024-01-16,0.027248,0.027994,0.026455,0.0272,1041251626.0,28245413.889371,145247
2024-01-17,0.027203,0.028009,0.026139,0.027539,867855368.0,23651559.0186,152633
2024-01-18,0.027539,0.03067,0.026273,0.026534,2353998127.0,67863070.563861,338622
2024-01-19,0.026538,0.026671,0.022763,0.024233,1395540101.0,34232994.078328,197521
2024-01-20,0.024232,0.024972,0.023432,0.024782,645871951.0,15670384.079189,90120
2024-01-21,0.024781,0.025934,0.024352,0.024447,875293617.0,22200875.778683,119000
2024-01-22,0.024452,0.02459,0.022786,0.023214,763226161.0,18104140.672854,108255
2024-01-23,0.023208,0.023728,0.020946,0.02273,938760956.0,20811185.261368,140389
2024-01-24,0.022724,0.023279,0.022408,0.023157,526766646.0,11982986.886863,68772
2024-01-25,0.023149,0.0233,0.021693,0.022387,345993028.0,7788477.446078,55174
2024-01-26,0.022379,0.023914,0.02211,0.023658,495556402.0,11475239.152477,70458
2024-01-27,0.023691,0.024049,0.023322,0.023802,348453139.0,8279424.015532,48272
2024-01-28,0.023804,0.024299,0.022854,0.023144,630074547.0,14928648.697572,75142
2024-01-29,0.023152,0.02389,0.022723,0.023722,548470365.0,12848602.657268,65675
2024-01-30,0.023724,0.023947,0.02294,0.023117,574820820.0,13565366.182881,69281
2024-01-31,0.023113,0.0232,0.021521,0.021827,445723884.0,10003537.528741,67120
2024-02-01,0.021827,0.022348,0.021144,0.02203,427480744.0,9301037.021176,45193
2024-02-02,0.022037,0.022467,0.021853,0.022252,313208400.0,6954082.919402,36470
2024-02-03,0.022268,0.02247,0.021795,0.02192,202252219.0,4462815.937775,23061
2024-02-04,0.021919,0.023299,0.021519,0.021708,639259102.0,14302734.65548,71899
2024-02-05,0.021708,0.022228,0.021201,0.021872,437641325.0,9583234.359513,51223
2024-02-06,0.021877,0.022478,0.021577,0.02164,340111261.0,7473871.226963,46338
2024-02-07,0.02164,0.022712,0.021589,0.022582,325006114.0,7195989.540886,38433
2024-02-08,0.022594,0.02278,0.022238,0.022605,286600933.0,6468295.521235,37293
2024-02-09,0.022605,0.02382,0.022605,0.02342,570495148.0,13292603.055891,69000
2024-02-10,0.023432,0.023733,0.02292,0.023243,390954221.0,9151551.774647,48097
2024-02-11,0.023243,0.0245,0.02314,0.023453,436219758.0,10381538.848789,60113
2024-02-12,0.023462,0.0243,0.022772,0.024225,406814331.0,9612746.092488,64633
2024-02-13,0.024227,0.025681,0.023303,0.024478,933059380.0,23014614.043882,114769
2024-02-14,0.02449,0.026455,0.024062,0.025809,684002018.0,17387618.995242,82886
2024-02-15,0.02581,0.027598,0.025282,0.02637,903982116.0,23874573.247176,118619
2024-02-16,0.026363,0.027048,0.02528,0.026219,730305882.0,19187927.622573,97486
2024-02-17,0.026226,0.026388,0.024799,0.025655,478958523.0,12281552.217564,67672
2024-02-18,0.025656,0.028287,0.025468,0.027671,1337065345.0,36280724.325127,141733
2024-02-19,0.027674,0.029637,0.027,0.027897,1048636655.0,29324657.408392,130605
2024-02-20,0.027892,0.028162,0.024791,0.026436,850271881.0,22767491.028759,103881
2024-02-21,0.026436,0.026544,0.024554,0.025682,606831000.0,15396824.09519,85211
2024-02-22,0.025678,0.029487,0.025251,0.027157,1495740288.0,41339467.036645,195501
2024-02-23,0.027143,0.028636,0.025766,0.026122,1200261136.0,32750657.493142,147853
2024-02-24,0.02613,0.027907,0.025447,0.027523,1005035228.0,26599057.256684,121019
2024-02-25,0.027526,0.029,0.026676,0.028175,750730144.0,20816950.665625,97796
2024-02-26,0.028173,0.032542,0.027501,0.030349,2027989445.0,60235198.094916,287247
2024-02-27,0.030349,0.038451,0.0303,0.035535,5054735392.0,171282520.747251,727880
2024-02-28,0.03553,0.038281,0.029686,0.033373,3913084279.0,133446519.387807,657129
2024-02-29,0.033375,0.036816,0.030677,0.031635,2425245060.0,82705894.354356,410413
2024-03-01,0.031639,0.041459,0.031639,0.038146,3592911741.0,131012463.68223,586522
2024-03-02,0.038142,0.0486,0.03768,0.043044,5023169068.0,219792637.898204,1176170
2024-03-03,0.043035,0.055426,0.03492,0.053161,5871280177.0,279819626.306983,1366332
2024-03-04,0.053176,0.057555,0.047005,0.04998,6319983821.0,330663654.381924,1552630
2024-03-05,0.04999,0.05468,0.031,0.038643,5692269158.0,258460975.194614,1383731
2024-03-06,0.038653,0.045482,0.0365,0.042303,2851080898.0,118313229.637554,673609
2024-03-07,0.042318,0.042563,0.0384,0.039992,1590415737.0,63646499.546708,398634
2024-03-08,0.039993,0.0474,0.038511,0.046185,4186651710.0,186546326.789761,1030675
2024-03-09,0.046184,0.048593,0.043074,0.045649,2220233614.0,101437838.52802,542525
2024-03-10,0.045667,0.053304,0.041564,0.048218,2842555816.0,134311075.921635,673074
2024-03-11,0.048218,0.05325,0.045,0.047883,3103766138.0,152347532.22611,812673
2024-03-12,0.047892,0.048469,0.0423,0.045552,1622469772.0,74048524.315133,405480
2024-03-13,0.045547,0.049986,0.043432,0.047882,1818313636.0,84763015.324996,430293
2024-03-14,0.047906,0.053868,0.046015,0.049215,3055321327.0,152175654.393513,773124
2024-03-15,0.049216,0.049892,0.041025,0.045347,2030718306.0,90860737.965778,559070
2024-03-16,0.045364,0.046134,0.036907,0.038227,1453289497.0,59941823.190433,371066
2024-03-17,0.038231,0.041799,0.036408,0.041052,1085054857.0,42908685.401739,266325
2024-03-18,0.041054,0.0412,0.036128,0.036665,920925469.0,35328605.588365,200806
2024-03-19,0.036664,0.03715,0.03163,0.033281,1678013604.0,57079227.777668,395207
2024-03-20,0.033282,0.03818,0.0316,0.037745,1364607869.0,47449590.178444,292776
2024-03-21,0.037721,0.038134,0.035605,0.036491,994437056.0,36515798.167313,209234
2024-03-22,0.036479,0.038462,0.03392,0.03515,985205020.0,35500814.017366,194441
2024-03-23,0.035144,0.038266,0.034921,0.036626,776700798.0,28685620.665174,155834
2024-03-24,0.036608,0.039525,0.036287,0.038451,634513699.0,23974872.430057,134116
2024-03-25,0.038453,0.040663,0.037409,0.039744,907161821.0,35563128.386092,184467
2024-03-26,0.039744,0.040988,0.037837,0.038799,817303483.0,32187615.045289,181158
2024-03-27,0.038803,0.040058,0.036419,0.036985,747730674.0,28423718.721159,158963
2024-03-28,0.036976,0.038973,0.035898,0.038437,982064900.0,37061347.623183,177656
2024-03-29,0.038449,0.039144,0.035945,0.036926,617773827.0,23017582.76549,121788
2024-03-30,0.036929,0.039368,0.036717,0.03762,739069475.0,28227640.975577,149350
2024-03-31,0.037626,0.040825,0.037336,0.039531,1167845099.0,46375187.551941,206953
2024-04-01,0.039531,0.043759,0.036866,0.043441,2618540433.0,106157951.093819,520429
2024-04-02,0.043441,0.044635,0.038869,0.0391,3738789052.0,155842574.055984,725376
2024-04-03,0.039108,0.039113,0.034368,0.034905,2126023199.0,78353812.3242,363768
2024-04-04,0.034892,0.036681,0.034221,0.035207,783169400.0,27701356.27705,150146
2024-04-05,0.035206,0.035293,0.032933,0.03467,509159413.0,17354822.093626,110875
2024-04-06,0.034669,0.036398,0.034478,0.035908,349260083.0,12394300.850516,72981
2024-04-07,0.035907,0.036944,0.035746,0.036577,414501781.0,15085037.205589,76285
2024-04-08,0.036584,0.039224,0.035579,0.038744,663303248.0,24973720.123087,132472
2024-04-09,0.03875,0.039445,0.036069,0.036315,834538870.0,31740906.357119,156989
2024-04-10,0.036313,0.0436,0.035679,0.043068,2175664503.0,88392636.019193,467126
2024-04-11,0.043055,0.043395,0.038521,0.03882,1053537579.0,43081459.377775,257618
2024-04-12,0.038818,0.041708,0.029984,0.032724,1579420740.0,56915546.370534,369731
2024-04-13,0.032717,0.032802,0.021333,0.024996,2436098849.0,65554577.141754,566874
2024-04-14,0.024992,0.028725,0.02392,0.027874,1159909944.0,30475767.629413,283970
2024-04-15,0.027866,0.028724,0.024828,0.025931,783228394.0,21272463.574406,177785
2024-04-16,0.025934,0.026776,0.024466,0.026471,716434641.0,18512477.101695,135897
2024-04-17,0.026468,0.026989,0.024895,0.02526,763257205.0,19759407.512024,154237
2024-04-18,0.025263,0.026391,0.024089,0.02586,623394042.0,15737479.411907,134631
2024-04-19,0.025866,0.02685,0.023489,0.026009,673018646.0,17295576.327296,136082
2024-04-20,0.026005,0.029199,0.025566,0.029027,557058886.0,15294153.654531,114158
2024-04-21,0.029003,0.02991,0.027834,0.028682,674423348.0,19565959.771719,120553
2024-04-22,0.028685,0.02969,0.028425,0.02928,434204677.0,12655286.69238,67430
2024-04-23,0.02924,0.03126,0.02872,0.03034,758252380.0,22772189.971037,97801
2024-04-24,0.03033,0.03252,0.02836,0.02882,1063833355.0,32953367.06675,107138
2024-04-25,0.02879,0.03074,0.02776,0.02934,584733379.0,16999488.132067,60528
2024-04-26,0.02933,0.02962,0.0281,0.02843,431038624.0,12440669.46656,50918
2024-04-27,0.02844,0.02855,0.02608,0.02778,412217489.0,11291996.502699,51335
2024-04-28,0.02778,0.02845,0.02651,0.02669,464349562.0,12860801.23206,40956
2024-04-29,0.02668,0.02693,0.02519,0.0262,575513325.0,14923553.586576,55751
2024-04-30,0.02621,0.02666,0.02299,0.02401,606210840.0,14782525.477546,58985
2024-05-01,0.02402,0.025,0.0222,0.02443,691084313.0,16200056.270434,69015
2024-05-02,0.02439,0.02488,0.02348,0.02414,598613276.0,14487964.87076,58565
2024-05-03,0.02413,0.02592,0.02369,0.02564,612176810.0,15114198.71017,76230
2024-05-04,0.02564,0.02712,0.02542,0.02629,539270304.0,14203390.19306,68165
2024-05-05,0.02629,0.02692,0.02554,0.02617,384986298.0,10073046.89369,54223
2024-05-06,0.02617,0.02749,0.02515,0.02526,569999425.0,14916493.92674,71092
2024-05-07,0.02527,0.02581,0.02423,0.02428,384062406.0,9650464.51191,49383
2024-05-08,0.02428,0.02604,0.02384,0.02438,580225601.0,14336290.69322,67494
2024-05-09,0.02437,0.0262,0.02423,0.02554,542849982.0,13647705.29449,66648
2024-05-10,0.02554,0.02595,0.02382,0.0241,392002871.0,9740112.53458,53894
2024-05-11,0.0241,0.02497,0.02398,0.02407,262760220.0,6409902.00786,37409
2024-05-12,0.02407,0.02454,0.02368,0.02388,207309996.0,4992975.72118,24016
2024-05-13,0.02389,0.02578,0.02245,0.02451,803028536.0,19449790.74164,86070
2024-05-14,0.0245,0.02585,0.02335,0.02347,1015763862.0,25061690.97918,101056
2024-05-15,0.02347,0.02595,0.02343,0.02562,819079313.0,20168273.52282,107425
2024-05-16,0.02563,0.02695,0.0242,0.02525,627063501.0,16176647.63423,86037
2024-05-17,0.02525,0.02634,0.02493,0.026,328365778.0,8406383.74127,54387
2024-05-18,0.026,0.02635,0.02469,0.02565,336776819.0,8631447.39909,52438
2024-05-19,0.02565,0.02631,0.0238,0.02411,299202668.0,7471475.76364,47610
2024-05-20,0.0241,0.0272,0.02349,0.02713,587680364.0,14959788.6252,100262
2024-05-21,0.02712,0.02822,0.02631,0.02808,720954924.0,19625450.43616,120241
2024-05-22,0.02808,0.02881,0.02695,0.0276,1024936944.0,28691643.99502,144627
2024-05-23,0.0276,0.02832,0.02478,0.02675,1017043558.0,27173888.90144,144296
2024-05-24,0.02675,0.02748,0.02555,0.0264,463580600.0,12265371.02311,63026
2024-05-25,0.0264,0.02884,0.02624,0.02787,532367296.0,14720203.83448,70958
2024-05-26,0.02788,0.02843,0.02662,0.02675,392715791.0,10768511.78103,53579
2024-05-27,0.02674,0.02979,0.02671,0.02952,884385269.0,25222987.01588,109045
2024-05-28,0.02952,0.03194,0.02848,0.03164,1729648672.0,52363205.32679,191158
2024-05-29,0.03164,0.0336,0.02964,0.0297,1428099615.0,45100721.375814,168840
2024-05-30,0.02971,0.0309,0.02806,0.0292,858648826.0,25411045.9089,111603
2024-05-31,0.0292,0.03051,0.02843,0.02999,630764498.0,18671665.0061,89096
2024-06-01,0.02999,0.0305,0.02932,0.0294,433103980.0,12969328.26832,57308
2024-06-02,0.0294,0.03028,0.02812,0.02872,528265289.0,15549708.78352,80395
2024-06-03,0.02872,0.03071,0.02838,0.02917,738216529.0,21938600.74552,97147
2024-06-04,0.02918,0.02964,0.0285,0.02924,420493230.0,12194835.68289,64188
2024-06-05,0.02924,0.03085,0.0292,0.02979,734030004.0,22120941.28864,99476
2024-06-06,0.02979,0.0304,0.02844,0.02877,504501748.0,14847414.48443,66534
2024-06-07,0.02877,0.02921,0.02274,0.02526,1011372903.0,26366962.94247,126232
2024-06-08,0.02526,0.02599,0.02425,0.02454,419898368.0,10500921.17533,56087
2024-06-09,0.02453,0.02516,0.02418,0.02492,228459495.0,5661744.66612,38598
2024-06-10,0.02492,0.02502,0.02363,0.02394,306011340.0,7445796.65845,52058
2024-06-11,0.02394,0.02411,0.02187,0.02257,604921137.0,13856290.998846,77170
2024-06-12,0.02257,0.02387,0.02176,0.02299,547168261.0,12669689.386909,67714
2024-06-13,0.02299,0.02299,0.02039,0.02113,556333489.0,11930648.954671,65587
2024-06-14,0.02112,0.02216,0.01986,0.02084,546520413.0,11469955.877092,70662
2024-06-15,0.02084,0.02176,0.02082,0.02113,225870656.0,4822865.83555,30887
2024-06-16,0.02114,0.0217,0.02066,0.02142,224794861.0,4777424.82755,29801
2024-06-17,0.02142,0.02157,0.01897,0.01964,476627477.0,9588558.083063,64541
2024-06-18,0.01964,0.01976,0.01626,0.01773,1041115952.0,18375580.928325,111879
2024-06-19,0.01773,0.01878,0.01738,0.01841,416352767.0,7524460.87886,50107
2024-06-20,0.0184,0.02017,0.01822,0.0198,556503521.0,10723920.06518,67693
2024-06-21,0.01981,0.02043,0.01867,0.01872,463855542.0,9003992.99212,68601
2024-06-22,0.01873,0.01948,0.01834,0.0191,196736532.0,3706333.22463,32507
2024-06-23,0.0191,0.02024,0.01858,0.01877,377410387.0,7387100.07726,49623
2024-06-24,0.01877,0.02003,0.0175,0.01997,497669665.0,9416013.36416,84610
2024-06-25,0.01997,0.02057,0.01955,0.02004,348647541.0,6974133.3979,47013
2024-06-26,0.02004,0.02085,0.01873,0.01906,377562460.0,7444133.74,51288
2024-06-27,0.01906,0.02054,0.01861,0.0202,371909343.0,7314095.78194,50167
2024-06-28,0.0202,0.02037,0.01925,0.01936,244111990.0,4840435.10661,38219
2024-06-29,0.01936,0.0198,0.01833,0.01834,190471283.0,3646106.19842,26755
2024-06-30,0.01835,0.01878,0.01787,0.01859,366761297.0,6688832.37245,43489
2024-07-01,0.0186,0.01924,0.01792,0.01822,316555922.0,5871071.45319,42084
2024-07-02,0.01821,0.01855,0.0172,0.01771,392543755.0,7035118.04904,51438
2024-07-03,0.01771,0.01799,0.01639,0.01668,404490352.0,6899227.60518,52082
2024-07-04,0.01668,0.0168,0.01407,0.01423,738522680.0,11376523.776498,82063
2024-07-05,0.01423,0.01427,0.01203,0.01279,1532210879.0,19660274.438648,129563
2024-07-06,0.01278,0.0143,0.01267,0.01413,379978097.0,5102561.50339,43722
2024-07-07,0.01414,0.01423,0.01329,0.01352,476925745.0,6594442.83852,51046
2024-07-08,0.01353,0.01493,0.01295,0.01421,839436507.0,11879930.11673,94748
2024-07-09,0.0142,0.01467,0.01411,0.01449,308521414.0,4432896.82647,41336
2024-07-10,0.01449,0.01496,0.01429,0.01463,276216830.0,4045944.67956,36781
2024-07-11,0.01463,0.01501,0.01386,0.01392,338473398.0,4920142.83283,40032
2024-07-12,0.01393,0.01461,0.01356,0.01461,265782379.0,3709917.65749,29435
2024-07-13,0.01461,0.01481,0.01423,0.01455,189492571.0,2751212.79804,21846
2024-07-14,0.01455,0.01521,0.01454,0.01507,210750631.0,3113328.49749,28893
2024-07-15,0.01506,0.01712,0.01498,0.01697,466810582.0,7388297.8453,53929
2024-07-16,0.01698,0.01747,0.01574,0.01696,796442031.0,13317044.68829,83221
2024-07-17,0.01696,0.01738,0.01629,0.01658,389409781.0,6599626.46916,45894
2024-07-18,0.01659,0.01707,0.01559,0.01588,340701130.0,5599114.25217,48863
2024-07-19,0.01589,0.01698,0.0155,0.01678,398896156.0,6504920.87139,45995
2024-07-20,0.01678,0.01752,0.01641,0.01693,364244864.0,6175553.18627,37946
2024-07-21,0.01693,0.0172,0.01577,0.01715,394986159.0,6573124.23276,44770
2024-07-22,0.01715,0.01829,0.01627,0.0172,768591262.0,13314130.35798,84073
2024-07-23,0.0172,0.01764,0.01562,0.01596,683843599.0,11309228.81858,80137
2024-07-24,0.01596,0.01636,0.01508,0.01527,453342010.0,7159606.31001,49657
2024-07-25,0.01526,0.01538,0.01405,0.01482,484771946.0,7145043.18084,59669
2024-07-26,0.01481,0.01556,0.01475,0.01547,289136603.0,4412844.04,27006
2024-07-27,0.01547,0.01615,0.01507,0.01556,333153616.0,5198416.3634,35661
2024-07-28,0.01555,0.01555,0.01474,0.01488,187443714.0,2843882.40134,20083
2024-07-29,0.01488,0.01592,0.01481,0.01487,427829895.0,6608176.14379,42570
2024-07-30,0.01487,0.0152,0.01388,0.0142,274195484.0,4013696.80274,31892
2024-07-31,0.0142,0.01455,0.01376,0.01387,284628747.0,4048906.43432,31206
2024-08-01,0.01387,0.01405,0.01236,0.01331,449593753.0,5923701.04928,47158
2024-08-02,0.01331,0.0135,0.01213,0.01227,484548539.0,6209691.10017,49592
2024-08-03,0.01228,0.01235,0.01065,0.01075,954287987.0,10902276.603365,78374
2024-08-04,0.01075,0.01104,0.00994,0.0102,1116626504.0,11781671.943332,69053
2024-08-05,0.0102,0.01042,0.008,0.00917,4563975088.0,40767251.705754,244652
2024-08-06,0.00917,0.01062,0.00917,0.0103,1386913820.0,14081859.82435,76539
2024-08-07,0.0103,0.01097,0.01018,0.01049,819900483.0,8674079.25869,49547
2024-08-08,0.01049,0.01145,0.01017,0.01138,611801573.0,6669240.35889,41726
2024-08-09,0.01138,0.01146,0.01042,0.0108,747486634.0,8155845.0203,41643
2024-08-10,0.01079,0.01112,0.01061,0.01101,317138799.0,3448381.92745,21341
2024-08-11,0.01101,0.01155,0.01007,0.01013,508441789.0,5533843.82944,31360
2024-08-12,0.01013,0.01129,0.01013,0.01117,600233606.0,6492735.95649,41194
2024-08-13,0.01117,0.01139,0.01075,0.01127,357463288.0,3956666.0271,24196
2024-08-14,0.01126,0.01132,0.01065,0.01082,313217753.0,3458202.33615,23668
2024-08-15,0.01082,0.01105,0.01009,0.01024,474988218.0,5018760.08195,31332
2024-08-16,0.01024,0.01041,0.00972,0.00992,453392437.0,4543740.41684,27645
2024-08-17,0.00992,0.01017,0.00978,0.01016,243315383.0,2422266.93642,15219
2024-08-18,0.01016,0.01094,0.01003,0.01034,495023201.0,5227487.88376,27154
2024-08-19,0.01034,0.01036,0.00991,0.01033,408144050.0,4141611.42216,21033
2024-08-20,0.01033,0.0108,0.01028,0.01063,505397423.0,5344717.09414,26876
2024-08-21,0.01064,0.01114,0.01054,0.01098,656691281.0,7100154.70034,33789
2024-08-22,0.01097,0.0111,0.01075,0.01106,314598018.0,3437964.10349,19289
2024-08-23,0.01105,0.01349,0.01105,0.01302,1755076491.0,22033398.52,89566
2024-08-24,0.01303,0.01349,0.01275,0.01309,770531099.0,10094726.03642,48556
2024-08-25,0.01309,0.01312,0.01216,0.01235,464383479.0,5821672.08636,35724
2024-08-26,0.01235,0.0125,0.01118,0.01121,606934445.0,7175055.75462,40228
2024-08-27,0.01121,0.01151,0.01028,0.01051,902481489.0,9874184.08877,51070
2024-08-28,0.0105,0.01079,0.00985,0.01011,709655912.0,7338269.66236,37614
2024-08-29,0.01011,0.01055,0.00976,0.01002,522844713.0,5325205.0393,28754
2024-08-30,0.01001,0.01019,0.00938,0.00997,413501207.0,4077414.95982,27410
2024-08-31,0.00998,0.01011,0.00962,0.00975,230322488.0,2275173.38792,14275
2024-09-01,0.00974,0.00976,0.00911,0.00922,355961356.0,3380485.64193,23902
2024-09-02,0.00922,0.00987,0.00915,0.00977,387640785.0,3705655.52107,24452
2024-09-03,0.00977,0.00999,0.00913,0.00915,406247109.0,3892807.05599,21278
2024-09-04,0.00915,0.00971,0.00864,0.00932,759531331.0,7018317.23462,35512
2024-09-05,0.00932,0.00942,0.00885,0.00891,460182950.0,4224193.53858,24038
2024-09-06,0.00891,0.00923,0.00823,0.00862,915724409.0,8042012.00119,42198
2024-09-07,0.00862,0.00906,0.00854,0.00879,301249161.0,2655921.0836,15455
2024-09-08,0.00879,0.00936,0.00878,0.00927,395754339.0,3608327.2049,20007
2024-09-09,0.00927,0.00984,0.00915,0.00967,583673459.0,5512755.73796,26968
2024-09-10,0.00968,0.0099,0.00952,0.00969,366867191.0,3547380.62886,18994
2024-09-11,0.00968,0.0097,0.00903,0.00935,500804845.0,4680734.96307,25298
2024-09-12,0.00936,0.00984,0.00935,0.00978,395330131.0,3796045.83147,19786
2024-09-13,0.00978,0.01024,0.00949,0.01009,671649833.0,6610217.25891,25843
2024-09-14,0.0101,0.01029,0.00985,0.01006,442007674.0,4461319.10018,18669
2024-09-15,0.01006,0.01024,0.00949,0.0096,502030290.0,5007594.1026,23205
2024-09-16,0.00959,0.0097,0.00898,0.0091,562197565.0,5263141.90527,22709
2024-09-17,0.00911,0.01017,0.00897,0.00995,643931770.0,6196180.23169,28092
2024-09-18,0.00995,0.01045,0.00962,0.0104,763763783.0,7694074.1865,41008
2024-09-19,0.01041,0.01102,0.01037,0.01061,760360181.0,8078649.86298,37394
2024-09-20,0.01061,0.01117,0.01039,0.01066,739004457.0,7981829.49655,33834
2024-09-21,0.01066,0.01091,0.01026,0.01087,302928685.0,3214870.78398,16435
2024-09-22,0.01087,0.01091,0.01012,0.01049,428984445.0,4535458.94885,27267
2024-09-23,0.01049,0.01101,0.01027,0.01096,625020459.0,6738029.11774,32174
2024-09-24,0.01097,0.01124,0.01065,0.01108,622143339.0,6824780.53451,37089
2024-09-25,0.01108,0.01154,0.01073,0.01082,668553114.0,7443512.54358,34082
2024-09-26,0.01082,0.01231,0.01062,0.01202,1175211690.0,13583599.83558,56763
2024-09-27,0.01202,0.01305,0.01183,0.01266,1313798836.0,16502421.76809,68419
2024-09-28,0.01267,0.01323,0.01187,0.01232,692937702.0,8628421.88778,43694
2024-09-29,0.01232,0.01304,0.0119,0.01254,789975500.0,9810857.8671,46993
2024-09-30,0.01254,0.01292,0.01164,0.01178,1002890332.0,12439203.97851,60315
2024-10-01,0.01177,0.01249,0.01017,0.01026,1578712888.0,17828690.71436,74697
2024-10-02,0.01026,0.01094,0.00962,0.00972,1100277387.0,11333075.15028,47525
2024-10-03,0.00972,0.00988,0.00909,0.00943,824606280.0,7835614.01047,43738
2024-10-04,0.00943,0.01014,0.00936,0.00999,605141710.0,5889392.82468,33869
2024-10-05,0.01,0.01026,0.0096,0.00987,450130552.0,4497105.84843,23315
2024-10-06,0.00987,0.01033,0.0098,0.01024,377332293.0,3809956.08547,18776
2024-10-07,0.01023,0.01077,0.01013,0.01023,981585981.0,10277579.3211,43504
2024-10-08,0.01023,0.01045,0.00986,0.01004,633158985.0,6431537.19145,36448
2024-10-09,0.01005,0.01029,0.0093,0.00943,677042574.0,6577739.45227,32676
2024-10-10,0.00942,0.00968,0.00911,0.00953,648628416.0,6119909.94531,31080
2024-10-11,0.00953,0.01029,0.00944,0.01017,659369885.0,6541634.72543,29374
2024-10-12,0.01017,0.01214,0.01017,0.01156,2199135853.0,25044398.75382,109617
2024-10-13,0.01157,0.01173,0.01072,0.01115,1173547511.0,13182019.26586,53823
2024-10-14,0.01116,0.01548,0.01099,0.01487,5084264684.0,69651951.15253,251128
2024-10-15,0.01487,0.01618,0.01338,0.01399,5358300985.0,77975220.71176,259432
2024-10-16,0.01399,0.01407,0.01246,0.01305,1880049351.0,24930002.1608,96597
2024-10-17,0.01305,0.01339,0.01218,0.01273,1190345261.0,15153481.60755,76826
2024-10-18,0.01272,0.01372,0.01268,0.0134,1707584608.0,22651383.84037,83444
2024-10-19,0.0134,0.01376,0.01297,0.01329,1081834339.0,14514002.86426,58963
2024-10-20,0.01329,0.01456,0.01288,0.01415,2215644292.0,30163642.45376,106001
2024-10-21,0.01414,0.01453,0.01311,0.01318,974313875.0,13387255.66376,58230
2024-10-22,0.01317,0.01348,0.01238,0.01266,941056114.0,12071934.56867,49383
2024-10-23,0.01265,0.01284,0.01182,0.01236,699236763.0,8706603.05631,41154
2024-10-24,0.01237,0.01306,0.01228,0.01298,699936398.0,8892826.36573,44275
2024-10-25,0.01299,0.01316,0.01093,0.01133,1031653359.0,12457735.54826,63272
2024-10-26,0.01133,0.0136,0.01101,0.01341,2477345539.0,31459010.71889,109443
2024-10-27,0.01341,0.01399,0.0131,0.01364,1316366220.0,17660795.3125,78401
2024-10-28,0.01365,0.01399,0.01254,0.01326,1072772051.0,14136337.25683,71087
2024-10-29,0.01327,0.01377,0.01256,0.01333,1206966683.0,15977742.33051,72731
2024-10-30,0.01333,0.01435,0.01303,0.0135,1909027590.0,26191509.98511,88750
2024-10-31,0.01351,0.01355,0.01224,0.01225,1053729013.0,13447581.88645,55660
2024-11-01,0.01226,0.01299,0.01137,0.01157,1319807979.0,16006051.72031,61424
2024-11-02,0.01157,0.01179,0.0111,0.01123,570242449.0,6520808.71996,27609
2024-11-03,0.01124,0.01133,0.01,0.01064,1062138911.0,11254057.15043,51077
2024-11-04,0.01064,0.01123,0.01001,0.01037,1343744764.0,14251563.84271,61276
2024-11-05,0.01038,0.01144,0.01037,0.01101,1073787251.0,11683392.50806,48466
2024-11-06,0.01101,0.0121,0.01097,0.01169,3492699493.0,40035784.08821,138844
2024-11-07,0.01169,0.01216,0.01104,0.01129,2750244756.0,31592998.41428,98171
2024-11-08,0.0113,0.0116,0.01045,0.01098,2530857279.0,27682033.72505,90769
2024-11-09,0.01097,0.01194,0.01073,0.01177,1966498441.0,22334100.89972,83663
2024-11-10,0.01177,0.01361,0.01161,0.01265,4808916431.0,60361171.62169,224000
2024-11-11,0.01266,0.01389,0.01232,0.01379,4255469027.0,55177570.14309,209438
2024-11-12,0.0138,0.01464,0.01225,0.01402,5546871942.0,74830191.90148,297421
2024-11-13,0.01402,0.01548,0.01203,0.01414,11211825353.0,151188154.72789,482503
2024-11-14,0.01414,0.01566,0.01295,0.01318,7465727793.0,107358615.03243,362570
2024-11-15,0.01318,0.015,0.01253,0.01459,2981758876.0,40346362.7984,154378
2024-11-16,0.0146,0.01565,0.01381,0.01438,3024047707.0,44263477.99498,160808
2024-11-17,0.01438,0.01493,0.01337,0.01419,2300330541.0,32933793.09491,130229
2024-11-18,0.01419,0.01471,0.01375,0.01434,2281842268.0,32492672.68492,120390
2024-11-19,0.01434,0.01435,0.01312,0.01349,1551218538.0,21290242.73265,87043
2024-11-20,0.01349,0.01349,0.01223,0.0125,1242137490.0,16065565.66407,69133
2024-11-21,0.0125,0.01362,0.01202,0.01335,1354688801.0,17526020.81061,85399
2024-11-22,0.01336,0.01362,0.01255,0.01347,1273238169.0,16650035.47657,78028
2024-11-23,0.01347,0.01466,0.01333,0.01423,2689053191.0,37752621.90367,160135
2024-11-24,0.01424,0.01511,0.01317,0.01453,2346467268.0,33157288.99112,149209
2024-11-25,0.01454,0.0153,0.01381,0.01478,2745581266.0,39997696.87138,173768
2024-11-26,0.01477,0.01529,0.01273,0.01326,3171774507.0,44022731.72762,179068
2024-11-27,0.01326,0.01446,0.01289,0.01441,1775199895.0,24296003.62056,104260
2024-11-28,0.01441,0.01535,0.01428,0.01496,2137752225.0,31611432.35024,149011
2024-11-29,0.01497,0.01627,0.01449,0.01521,2673737824.0,40486824.38618,152619
2024-11-30,0.01521,0.01662,0.01492,0.01607,2077724161.0,32851664.58349,150034
2024-12-01,0.01607,0.01678,0.01547,0.01631,2274515054.0,36725212.32023,130499
2024-12-02,0.01631,0.0165,0.01444,0.01614,2790724360.0,42957784.91442,178062
2024-12-03,0.01614,0.01688,0.01463,0.0166,2923268040.0,46737684.46769,201735
2024-12-04,0.0166,0.01777,0.01638,0.01726,2870592889.0,49084598.5663,167135
2024-12-05,0.01727,0.01727,0.0153,0.01667,3261341359.0,53691483.16952,204908
2024-12-06,0.01667,0.01742,0.0161,0.01679,1807802546.0,30570303.52638,119614
2024-12-07,0.01679,0.01869,0.01658,0.01799,2893700043.0,51625357.90435,155297
2024-12-08,0.018,0.01844,0.01719,0.01785,1417414975.0,25271658.98043,93428
2024-12-09,0.01786,0.01804,0.01174,0.01429,4390452910.0,68620786.51568,235829
2024-12-10,0.01429,0.01471,0.01223,0.01338,4050926137.0,54168280.44001,191017
2024-12-11,0.01337,0.01443,0.01281,0.01429,1766119490.0,24394594.17226,87131
2024-12-12,0.0143,0.01507,0.0141,0.0143,1882944547.0,27489608.64748,102529
2024-12-13,0.0143,0.01447,0.01365,0.01413,1464671984.0,20575884.83814,79157
2024-12-14,0.01413,0.01433,0.01296,0.01334,930757422.0,12609336.70717,50948
2024-12-15,0.01334,0.0137,0.01284,0.01362,941383572.0,12539167.37406,53876
2024-12-16,0.01363,0.01392,0.01282,0.01314,1242868014.0,16530812.20967,65073
2024-12-17,0.01314,0.01327,0.01242,0.01258,1397084459.0,18026660.12537,74481
2024-12-18,0.0126,0.0127,0.0107,0.01116,2779873281.0,33195011.01215,128743
2024-12-19,0.01116,0.01133,0.0099,0.01038,3684054017.0,38975973.73762,132999
2024-12-20,0.01037,0.01099,0.00892,0.01082,2992369770.0,29710213.69062,130760
2024-12-21,0.01082,0.01157,0.01005,0.01024,1866879953.0,19971492.79386,80825
2024-12-22,0.01025,0.01081,0.00996,0.01034,1104718515.0,11453921.48626,55515
2024-12-23,0.01034,0.01109,0.01006,0.01085,1524122241.0,15892110.67732,78628
2024-12-24,0.01085,0.0115,0.01052,0.01137,1379001302.0,15198891.6977,246724
2024-12-25,0.01137,0.01151,0.01095,0.01118,831263784.0,9349403.68711,34061
2024-12-26,0.01118,0.01132,0.0104,0.01062,1164603635.0,12575527.00181,58264
2024-12-27,0.01064,0.01125,0.01053,0.01077,970403004.0,10566575.7194,42819
2024-12-28,0.01077,0.01135,0.01056,0.01124,599474692.0,6539055.04645,30589
2024-12-29,0.01123,0.01129,0.01052,0.01066,501014571.0,5484339.32852,24620
2024-12-30,0.01065,0.01125,0.01045,0.01074,1212896307.0,13172300.00416,53873
2024-12-31,0.01074,0.01099,0.01023,0.01067,799119664.0,8478017.98233,33709
2025-01-01,0.01067,0.01093,0.01038,0.01084,769550653.0,8222356.44658,31387
2025-01-02,0.01085,0.0118,0.01081,0.01115,1428862200.0,16009725.25821,73677
2025-01-03,0.01116,0.01177,0.01088,0.0117,881603628.0,10058370.43559,41879
2025-01-04,0.0117,0.01182,0.01128,0.01155,776079528.0,8970583.35834,34863
2025-01-05,0.01155,0.01159,0.01125,0.01138,586168385.0,6694973.08771,26884
2025-01-06,0.01138,0.01177,0.01116,0.01149,987600314.0,11321514.55506,46830
2025-01-07,0.01148,0.01157,0.01008,0.01011,1403485309.0,15145783.71805,70344
2025-01-08,0.01011,0.01022,0.00908,0.00956,1169201535.0,11327058.07643,54927
2025-01-09,0.00956,0.0097,0.00903,0.00929,1300774611.0,12169587.75302,47330
2025-01-10,0.0093,0.00973,0.00923,0.00953,1120763023.0,10617839.44763,41081
2025-01-11,0.00952,0.00972,0.00935,0.00952,505644230.0,4794578.87505,28030
2025-01-12,0.00953,0.00958,0.00915,0.00929,435023710.0,4089933.69725,26347
2025-01-13,0.0093,0.00955,0.00812,0.0087,2122968512.0,18340436.69353,75274
2025-01-14,0.0087,0.00927,0.00863,0.00914,882757854.0,7897024.67558,31470
2025-01-15,0.00915,0.00964,0.00885,0.00961,1327878733.0,12302370.69409,48879
2025-01-16,0.00961,0.0097,0.00914,0.0093,1249870414.0,11747736.84286,51253
2025-01-17,0.00931,0.0102,0.00931,0.01011,1436510873.0,14087175.27363,59561
2025-01-18,0.01011,0.01035,0.00908,0.00948,2623714869.0,24729223.97728,95710
2025-01-19,0.00948,0.01007,0.00844,0.00867,5826131700.0,54856928.54621,455331
2025-01-20,0.00867,0.00945,0.00808,0.00835,6495416613.0,56321584.11012,212938
2025-01-21,0.00835,0.00879,0.00781,0.00861,3085301445.0,25546905.47096,95014
2025-01-22,0.0086,0.00883,0.00846,0.00855,1798764159.0,15619396.48671,162928
2025-01-23,0.00854,0.0086,0.00798,0.00835,1592321192.0,13253250.56386,54297
2025-01-24,0.00835,0.00853,0.00792,0.00798,1450895676.0,11986278.60505,47078
2025-01-25,0.00797,0.00816,0.00776,0.00801,1056019952.0,8458241.206562,31992
2025-01-26,0.00801,0.00833,0.00781,0.00783,919004736.0,7441823.56935,30819
2025-01-27,0.00782,0.00782,0.00675,0.00739,2859999432.0,20469014.64888,77249
2025-01-28,0.00739,0.0075,0.00645,0.00653,1882301326.0,13227238.13346,126041
2025-01-29,0.00654,0.00728,0.00649,0.00689,3209413710.0,22216612.56195,101604
2025-01-30,0.0069,0.00729,0.00683,0.0071,1969626213.0,13974990.72201,60160
2025-01-31,0.00711,0.00757,0.007,0.00714,1962703892.0,14191338.36657,67622
2025-02-01,0.00714,0.00728,0.00608,0.00615,1905504435.0,12837121.21862,49791
2025-02-02,0.00615,0.00636,0.00478,0.00513,5144401135.0,28977365.099086,108473
2025-02-03,0.00513,0.00539,0.00356,0.00521,6765744267.0,30838593.86585,193143
2025-02-04,0.00521,0.00527,0.00456,0.00489,5660727398.0,27550524.69787,116837
2025-02-05,0.00489,0.00503,0.00466,0.00477,3968624425.0,19391251.50184,64988
2025-02-06,0.00477,0.00485,0.00428,0.00435,5282652668.0,23980861.81371,71185
2025-02-07,0.00435,0.00459,0.00406,0.00422,4501755680.0,19701046.85237,97010
2025-02-08,0.00422,0.00471,0.0042,0.00458,3052324555.0,13640111.78963,44154
2025-02-09,0.00459,0.00465,0.00417,0.00445,2420669681.0,10908994.75869,50196
2025-02-10,0.00445,0.00455,0.00422,0.00447,3010690318.0,13292421.5893,70167
2025-02-11,0.00446,0.00473,0.0043,0.00436,2226377737.0,10012002.02729,60828
2025-02-12,0.00436,0.00477,0.00415,0.00474,3615680408.0,15816339.92727,76729
2025-02-13,0.00474,0.00481,0.00448,0.00454,2233275122.0,10276411.39717,55369
2025-02-14,0.00454,0.00503,0.00447,0.00479,2517203077.0,11964600.63297,66491
2025-02-15,0.00478,0.00482,0.00453,0.00459,1365739965.0,6384657.21204,40935
2025-02-16,0.00458,0.0047,0.00446,0.00454,1275922270.0,5831176.71533,35720
2025-02-17,0.00453,0.00467,0.00421,0.00434,2102053353.0,9416700.97418,54969
2025-02-18,0.00435,0.00437,0.00386,0.00413,2298451145.0,9453469.51091,63694
2025-02-19,0.00412,0.00418,0.004,0.00407,1475542798.0,6036581.95239,39063
2025-02-20,0.00407,0.00426,0.00405,0.00424,1510539646.0,6274497.72776,34599
2025-02-21,0.00424,0.00459,0.00405,0.00408,2139593141.0,9271671.24055,60332
2025-02-22,0.00408,0.00454,0.00404,0.0045,1810676317.0,7753317.22735,40302
2025-02-23,0.0045,0.00455,0.00425,0.00434,1261115140.0,5536142.33041,31001
2025-02-24,0.00434,0.00437,0.0034,0.00354,2644950684.0,10316957.94076,68608
2025-02-25,0.00353,0.00377,0.00334,0.00369,3800027151.0,13535074.24338,85933
2025-02-26,0.0037,0.00386,0.00357,0.00384,2325537442.0,8640833.24493,51173
2025-02-27,0.00384,0.00398,0.00367,0.0038,1712878024.0,6558652.18835,39280
2025-02-28,0.0038,0.00392,0.00337,0.00383,2781497372.0,10052610.9791,66758
2025-03-01,0.00383,0.00385,0.00351,0.00362,1494532276.0,5472685.78416,32196
2025-03-02,0.00363,0.00404,0.00349,0.00399,2689052342.0,10158105.60543,64655
2025-03-03,0.004,0.004,0.00317,0.00328,3259428688.0,11641496.5994,70105
2025-03-04,0.00327,0.00331,0.00283,0.00313,5351808187.0,16522947.38625,99246
2025-03-05,0.00314,0.00319,0.00297,0.0031,2686292316.0,8270772.43117,33745
2025-03-06,0.0031,0.003188,0.002902,0.002994,1801367019.0,5508326.140929,53565
2025-03-07,0.002994,0.003137,0.002802,0.002932,2059505469.0,6129715.415992,56709
2025-03-08,0.002932,0.002944,0.002703,0.002781,1091580978.0,3087312.23548,33176
2025-03-09,0.002782,0.002794,0.002308,0.002385,2845451764.0,7044405.147811,57446
2025-03-10,0.002385,0.002651,0.002234,0.00235,3201429670.0,7827595.563444,110821
2025-03-11,0.002352,0.002547,0.002154,0.002445,3918498045.0,9310301.546247,115797
2025-03-12,0.002444,0.002523,0.002339,0.002464,1958943866.0,4780472.623653,63912
2025-03-13,0.002463,0.002538,0.002323,0.002389,2065703983.0,5011816.988016,55824
2025-03-14,0.002389,0.002556,0.002379,0.002469,1006063189.0,2486485.667859,21933
2025-03-15,0.002469,0.002558,0.002415,0.002508,1160010062.0,2862408.990207,21277
2025-03-16,0.002509,0.002511,0.002288,0.002315,1145051070.0,2738091.349295,25537
2025-03-17,0.002316,0.002515,0.002315,0.00247,1521375768.0,3715949.396266,30618
2025-03-18,0.002469,0.002482,0.002297,0.002456,1204611700.0,2872769.921828,21111
2025-03-19,0.002457,0.002508,0.002377,0.002502,2726102530.0,6660935.670066,46997
2025-03-20,0.002502,0.00252,0.002373,0.002406,956148313.0,2327075.490249,19170
2025-03-21,0.002405,0.002451,0.002288,0.002327,1580169871.0,3725324.499981,30113
2025-03-22,0.002326,0.002532,0.002323,0.002427,1240467709.0,3041641.252981,28278
2025-03-23,0.002427,0.002505,0.002409,0.002465,1277288049.0,3148310.225914,21790
2025-03-24,0.002464,0.002619,0.002401,0.002569,2019419836.0,5128038.892283,40369
2025-03-25,0.00257,0.002642,0.002511,0.002625,1416177410.0,3651357.193196,22492
2025-03-26,0.002625,0.00283,0.002554,0.002603,1772329054.0,4750251.032901,33989
2025-03-27,0.002604,0.002688,0.002519,0.002552,1299655475.0,3381340.871828,22102
2025-03-28,0.002553,0.002578,0.002199,0.002288,1863805449.0,4319154.372984,33650
2025-03-29,0.002286,0.002309,0.00201,0.002085,1661157413.0,3519076.215963,22971
2025-03-30,0.002086,0.002137,0.002035,0.002083,886215944.0,1852923.871635,14449
2025-03-31,0.002085,0.002125,0.002009,0.002063,881545465.0,1831105.855622,15643
2025-04-01,0.002061,0.002162,0.002038,0.002061,720847948.0,1511423.434011,14444
2025-04-02,0.002061,0.002073,0.001818,0.00187,1436794911.0,2820155.440689,27744
2025-04-03,0.001869,0.001941,0.001761,0.001857,1022032467.0,1899300.953246,19021
2025-04-04,0.001858,0.001891,0.001763,0.001849,1541870079.0,2838980.671127,23337
2025-04-05,0.00185,0.001866,0.00177,0.001798,652553937.0,1184894.895064,10910
2025-04-06,0.001797,0.001799,0.001515,0.001563,2020658569.0,3250171.394946,36809
2025-04-07,0.001563,0.001674,0.001426,0.001592,4841263303.0,7520106.493679,79435
2025-04-08,0.001592,0.00163,0.001457,0.001477,2305130302.0,3541585.79885,31140
2025-04-09,0.001476,0.001654,0.001426,0.001633,3150681186.0,4870669.618111,49640
2025-04-10,0.001633,0.001633,0.001493,0.001546,2099652511.0,3263879.724402,26654
2025-04-11,0.001545,0.001624,0.001538,0.001593,1665615504.0,2648002.403149,30881
2025-04-12,0.001593,0.001682,0.001574,0.001669,1744362132.0,2851357.371849,38395
2025-04-13,0.001669,0.001672,0.001511,0.001542,1814895259.0,2900999.447268,75111
2025-04-14,0.001542,0.001629,0.001515,0.001528,2702130811.0,4230097.935056,106233
2025-04-15,0.001528,0.00157,0.001442,0.001454,2280514418.0,3458694.352181,83824
2025-04-16,0.001454,0.001491,0.001376,0.001435,3100497220.0,4461018.458321,114920
2025-04-17,0.001436,0.00146,0.001402,0.001425,1722861324.0,2474422.63718,77200
2025-04-18,0.001424,0.002542,0.001416,0.002514,25734048220.0,50414635.050614,1120505
2025-04-19,0.002514,0.002808,0.001992,0.002163,28078069956.0,63980151.904382,872223
2025-04-20,0.002162,0.002474,0.002078,0.002258,11644127017.0,26054833.658023,272102
2025-04-21,0.002257,0.002358,0.002008,0.002012,5640772088.0,12302317.783288,118783
2025-04-22,0.002013,0.002263,0.001932,0.002147,5483575553.0,11398101.049844,98357
2025-04-23,0.002147,0.002241,0.002068,0.002224,4875494082.0,10578073.797254,94604
2025-04-24,0.002224,0.002326,0.00209,0.002141,6573056046.0,14582561.766748,115867
2025-04-25,0.002141,0.002295,0.002095,0.002232,4400616270.0,9721424.4597,76893
2025-04-26,0.002232,0.002351,0.002156,0.002282,3770948929.0,8481236.20658,64901
2025-04-27,0.002283,0.002283,0.002067,0.002076,2564944614.0,5459319.919231,46081
2025-04-28,0.002077,0.002197,0.001988,0.002179,2216547300.0,4685974.11348,42959
2025-04-29,0.002179,0.002205,0.002045,0.002086,1747047666.0,3741605.966276,36694
2025-04-30,0.002085,0.00219,0.002052,0.002127,2056454282.0,4363117.369442,49076
2025-05-01,0.002128,0.002355,0.002104,0.002236,3163441960.0,6998561.238017,69714
2025-05-02,0.002237,0.002318,0.002116,0.00216,2778681918.0,6072228.837125,57425
2025-05-03,0.002159,0.002164,0.001924,0.001932,1771832630.0,3615930.860437,32378
2025-05-04,0.001932,0.001977,0.001876,0.001907,2095034597.0,4012277.007467,38416
2025-05-05,0.001907,0.001945,0.001827,0.001854,1547221097.0,2903431.100465,26611
2025-05-06,0.001855,0.001894,0.001724,0.001828,1764574242.0,3205519.521164,34968
2025-05-07,0.001829,0.001886,0.001794,0.001839,1551474266.0,2853350.123887,31297
2025-05-08,0.001841,0.002186,0.001836,0.00218,2878742357.0,5790163.071842,48605
2025-05-09,0.00218,0.002832,0.002169,0.002654,10416727865.0,26320368.588341,295013
2025-05-10,0.002655,0.003268,0.00262,0.002896,13628111427.0,39822920.321738,349275
2025-05-11,0.002895,0.002909,0.002645,0.002841,6012939835.0,16825539.152312,138443
2025-05-12,0.002843,0.003018,0.002528,0.002674,7731452719.0,22007074.411031,218044
2025-05-13,0.002674,0.003144,0.002469,0.003064,10684329096.0,30995758.379697,273084
2025-05-14,0.003062,0.003173,0.002755,0.002795,8496021052.0,25254669.773048,197583
2025-05-15,0.002796,0.00284,0.002291,0.002374,6939545040.0,17508878.644663,176612
2025-05-16,0.002375,0.002471,0.002249,0.002293,3754158094.0,8960839.048987,89399
2025-05-17,0.002293,0.002301,0.002146,0.002195,2696698107.0,5934013.437085,63267
2025-05-18,0.002196,0.002484,0.002179,0.00241,4801119093.0,11273765.895664,102327
2025-05-19,0.002411,0.002428,0.002144,0.002293,4223155492.0,9490022.283482,73357
2025-05-20,0.002293,0.002355,0.002171,0.002312,3267143758.0,7390283.51598,67994
2025-05-21,0.002312,0.002496,0.002259,0.002393,4469054448.0,10500315.853869,99335
2025-05-22,0.002394,0.002608,0.00239,0.002603,4563731207.0,11520563.361011,110021
2025-05-23,0.002604,0.002739,0.00224,0.002261,5262808342.0,13139011.931829,145084
2025-05-24,0.00226,0.002338,0.002241,0.002278,2691176382.0,6169498.548754,54637
2025-05-25,0.002279,0.002291,0.002081,0.002252,2963889176.0,6467862.696024,64506
2025-05-26,0.002252,0.002319,0.002177,0.002206,3271035117.0,7374142.656031,74206
2025-05-27,0.002206,0.002318,0.002117,0.00226,3384783631.0,7541111.00428,72078
2025-05-28,0.00226,0.00239,0.002194,0.002281,2810287014.0,6419114.339033,55556
2025-05-29,0.002282,0.002377,0.002167,0.002184,2058672821.0,4684590.632481,42068
2025-05-30,0.002184,0.002199,0.00178,0.001805,4575573957.0,9054021.340544,98426
2025-05-31,0.001805,0.001885,0.001716,0.001859,2596772978.0,4670605.274997,50398
2025-06-01,0.001858,0.001942,0.001831,0.001914,2088480420.0,3963097.770658,34689
2025-06-02,0.001915,0.001964,0.001839,0.001941,1835879490.0,3479352.967964,30222
2025-06-03,0.001942,0.002033,0.001936,0.001973,1973183529.0,3934705.185497,28897
2025-06-04,0.001974,0.00204,0.001852,0.001873,1623188455.0,3184516.503551,27515
2025-06-05,0.001873,0.001903,0.001667,0.001702,2679526762.0,4819106.225813,44762
2025-06-06,0.001703,0.001842,0.00169,0.00174,1593008583.0,2808353.957241,29166
2025-06-07,0.001739,0.001849,0.001737,0.001828,890364870.0,1618291.60986,17678
2025-06-08,0.001828,0.001865,0.001787,0.001825,915402179.0,1667227.654312,16158
2025-06-09,0.001825,0.001945,0.001766,0.00194,1828784695.0,3374432.801342,28528
2025-06-10,0.001941,0.00202,0.001879,0.002011,2303494601.0,4498745.794016,39793
2025-06-11,0.002012,0.002012,0.001833,0.001857,1682591337.0,3256095.487601,34099
2025-06-12,0.001856,0.00186,0.00168,0.001682,1684492371.0,2998683.693823,34143
2025-06-13,0.001681,0.001681,0.001533,0.001657,3078467990.0,4877720.749704,59909
2025-06-14,0.001657,0.001702,0.001607,0.001655,1331305347.0,2210858.003087,22592
2025-06-15,0.001655,0.001683,0.001608,0.001656,896961164.0,1477687.592959,16179
2025-06-16,0.001657,0.001756,0.001629,0.00165,1565815217.0,2678257.522447,26861
2025-06-17,0.001649,0.001699,0.001521,0.001556,1753776155.0,2815579.891679,34182
2025-06-18,0.001557,0.001588,0.00144,0.001581,3817354207.0,5825791.727202,49422
2025-06-19,0.00158,0.001611,0.001521,0.001559,1169555204.0,1836255.793516,20931
2025-06-20,0.001559,0.001602,0.001455,0.001486,1328608602.0,2035268.668372,26874
2025-06-21,0.001486,0.00152,0.001365,0.001406,1629664942.0,2339958.759248,31530
2025-06-22,0.001406,0.001425,0.001244,0.001328,3123166880.0,4146466.025841,57278
2025-06-23,0.001329,0.001511,0.001323,0.001507,2247496695.0,3125444.029995,39947
2025-06-24,0.001507,0.00159,0.001507,0.001566,1883902957.0,2916593.112101,28727
2025-06-25,0.001566,0.001568,0.001486,0.001498,1711327623.0,2613165.061143,27905
2025-06-26,0.001498,0.001547,0.001418,0.001441,1636058553.0,2425559.395581,25595
2025-06-27,0.001442,0.001501,0.001415,0.001484,1271025302.0,1864324.777957,23135
2025-06-28,0.001484,0.001589,0.001462,0.00156,1287277154.0,1956989.242687,16041
2025-06-29,0.001561,0.001678,0.00154,0.001644,1633375820.0,2597321.085625,18772
2025-06-30,0.001645,0.00166,0.001529,0.001561,2112208205.0,3346299.617315,26072
2025-07-01,0.001561,0.001568,0.001444,0.001458,2181933818.0,3296660.679424,24350
2025-07-02,0.001458,0.00165,0.001436,0.001613,2315280404.0,3619106.930037,39974
2025-07-03,0.001613,0.001667,0.001579,0.001597,2063336210.0,3356805.885056,39105
2025-07-04,0.001599,0.001615,0.001456,0.001488,1706878761.0,2603393.699449,28199
2025-07-05,0.001488,0.001513,0.001447,0.001488,1206479108.0,1791563.357526,17159
2025-07-06,0.001489,0.001582,0.001474,0.001553,3716131690.0,5732313.890369,48472
2025-07-07,0.001554,0.001584,0.001505,0.001524,1860054670.0,2865621.657201,23449
2025-07-08,0.001521,0.001567,0.001489,0.001548,1810139007.0,2751538.497165,23212
2025-07-09,0.00155,0.00165,0.001525,0.001636,2003828344.0,3178821.992925,32097
2025-07-10,0.001637,0.001892,0.001616,0.001868,2793677242.0,4839866.901416,44619
2025-07-11,0.001868,0.00198,0.001803,0.001831,4226783320.0,8077681.235299,70283
2025-07-12,0.001831,0.001858,0.001686,0.00177,2574812637.0,4573928.156375,41263
2025-07-13,0.001771,0.001869,0.001744,0.001817,1867852521.0,3372713.864252,39555
2025-07-14,0.001817,0.00195,0.001759,0.001799,3101461614.0,5774240.33938,61711
2025-07-15,0.001799,0.001906,0.001709,0.001905,2597487353.0,4627178.416419,55510
2025-07-16,0.001906,0.002203,0.001849,0.002048,5711771662.0,11678033.137258,101305
2025-07-17,0.002049,0.002104,0.001933,0.002025,4658291983.0,9432540.457184,82100
2025-07-18,0.002025,0.002141,0.001895,0.001953,3623883260.0,7400722.736718,69007
2025-07-19,0.001952,0.002028,0.001881,0.002015,1961316493.0,3857102.510549,39744
2025-07-20,0.002016,0.002171,0.001994,0.002078,3155648049.0,6586580.412257,58748
2025-07-21,0.002079,0.002189,0.002026,0.002152,3033794084.0,6410426.121388,57118
2025-07-22,0.002152,0.002179,0.001957,0.002102,3984658405.0,8163809.52965,70611
2025-07-23,0.002102,0.002106,0.001761,0.001861,5188958326.0,10092057.040148,84812
2025-07-24,0.001862,0.001897,0.001684,0.001769,3385050759.0,6078118.488699,55704
2025-07-25,0.00177,0.001866,0.001703,0.001856,3319805205.0,5929092.388741,64333
2025-07-26,0.001855,0.001887,0.001824,0.001827,1114027289.0,2064730.284553,18951
2025-07-27,0.001827,0.001955,0.001821,0.001934,1804237871.0,3409960.924203,31314
2025-07-28,0.001934,0.002042,0.001755,0.001776,4201653735.0,8038619.96429,64367
2025-07-29,0.001777,0.001974,0.001706,0.001765,2942652418.0,5236969.361719,54083
2025-07-30,0.001764,0.001782,0.001638,0.001743,2507114651.0,4326339.656657,52281
2025-07-31,0.001743,0.002396,0.001709,0.001978,19818695093.0,41840577.632147,272600
2025-08-01,0.001978,0.002045,0.001787,0.001873,14215392434.0,27273385.124378,208817
2025-08-02,0.001872,0.001942,0.001756,0.001849,5475082671.0,10226640.001281,104412
2025-08-03,0.001849,0.001878,0.001804,0.00182,2144046063.0,3934897.414484,36854
2025-08-04,0.001821,0.001861,0.001761,0.001809,2857358281.0,5162473.191934,45593
2025-08-05,0.001809,0.001813,0.0016,0.001657,3469867150.0,5899045.398302,53955
2025-08-06,0.001656,0.001704,0.001602,0.001685,2243303831.0,3701242.278883,40927
2025-08-07,0.001684,0.001728,0.001647,0.001723,1962619833.0,3318185.700562,43914
2025-08-08,0.001724,0.001773,0.001698,0.001754,1803488498.0,3141898.662698,45542
2025-08-09,0.001754,0.001858,0.001744,0.001829,2082960640.0,3776678.520257,43988
2025-08-10,0.00183,0.001874,0.001736,0.001806,1932444381.0,3485087.620613,46457
2025-08-11,0.001807,0.001858,0.001681,0.001702,2040788206.0,3617384.754136,52883
2025-08-12,0.001702,0.001837,0.001673,0.001816,1965862088.0,3467371.709245,57096
2025-08-13,0.001817,0.001965,0.001815,0.001937,3532528365.0,6700440.915561,71033
2025-08-14,0.001938,0.00213,0.001818,0.001881,12488898514.0,24905167.296513,293669
2025-08-15,0.00188,0.002098,0.001833,0.001864,6074893630.0,11886527.213443,89103
2025-08-16,0.001864,0.002066,0.001845,0.002009,2571620180.0,5026065.589254,46921
2025-08-17,0.00201,0.002028,0.001943,0.001959,1991107627.0,3947685.60545,29382
2025-08-18,0.001958,0.002272,0.001879,0.00214,12178202794.0,25580888.16828,248876
2025-08-19,0.002138,0.00217,0.001972,0.002085,4526220071.0,9270292.367956,77522
2025-08-20,0.002085,0.003023,0.00206,0.002766,27707022779.0,72852603.995698,578898
2025-08-21,0.002765,0.002928,0.002498,0.002571,13041046316.0,35392288.483351,322425
2025-08-22,0.00257,0.004305,0.002396,0.004096,21281058854.0,66573771.809105,594825
2025-08-23,0.004097,0.004319,0.00346,0.003625,32680149314.0,125985534.845761,903030
2025-08-24,0.003624,0.00454,0.003526,0.003901,31846389450.0,125530078.284398,960885
2025-08-25,0.003902,0.004076,0.003325,0.003455,14073001642.0,51972198.37504,377441
2025-08-26,0.003457,0.00365,0.003257,0.003333,10562118969.0,36264348.191637,276165
2025-08-27,0.003335,0.003411,0.003073,0.003105,7012391572.0,22499834.498576,155951
2025-08-28,0.003104,0.003198,0.002932,0.002995,4578997704.0,14085405.381306,86580
2025-08-29,0.002995,0.003047,0.002747,0.002895,7177389680.0,20655408.34477,96992
2025-08-30,0.002895,0.00301,0.002819,0.002844,3249092490.0,9459876.745508,65334
2025-08-31,0.002845,0.002918,0.00272,0.00273,2097096382.0,5957799.883461,36708
2025-09-01,0.00273,0.002766,0.002456,0.002524,3704002556.0,9674699.515851,67151
2025-09-02,0.002524,0.002586,0.002473,0.002535,2579288189.0,6551858.442661,48673
2025-09-03,0.002535,0.002619,0.002511,0.002548,3100639144.0,7967065.115145,48096
2025-09-04,0.002548,0.00256,0.002376,0.002424,2775873257.0,6789520.223317,39384
2025-09-05,0.002424,0.002566,0.002423,0.002488,4240613771.0,10633591.166202,78592
2025-09-06,0.002488,0.002772,0.002478,0.002519,8424159660.0,21860523.997313,155861
2025-09-07,0.00252,0.002672,0.00252,0.002613,3883575023.0,10103804.498191,67036
2025-09-08,0.002611,0.00269,0.002548,0.002626,3855403546.0,10070370.897306,61986
2025-09-09,0.002627,0.002665,0.002495,0.002569,4211812813.0,10863222.809767,76721
2025-09-10,0.00257,0.002647,0.00251,0.002533,3259292977.0,8467513.403174,65750
2025-09-11,0.002532,0.002912,0.002505,0.002814,5687788854.0,15140557.852984,111694
2025-09-12,0.002815,0.002824,0.002615,0.002745,5012504599.0,13573417.120521,84209
2025-09-13,0.002746,0.002878,0.002689,0.002779,3776820173.0,10536749.165847,75224
2025-09-14,0.002779,0.002782,0.002561,0.002619,2257519454.0,6010269.249768,50230
2025-09-15,0.002619,0.002657,0.002465,0.002579,3537154774.0,8965900.621362,67350
2025-09-16,0.00258,0.0028,0.002526,0.002661,5750195523.0,15218214.090882,113147
2025-09-17,0.002662,0.002776,0.00258,0.002733,4196101445.0,11155269.347314,74594
2025-09-18,0.002733,0.002777,0.002661,0.002685,2492384583.0,6781253.496088,43906
2025-09-19,0.002686,0.002724,0.002529,0.002554,2139864333.0,5609016.666651,38828
2025-09-20,0.002553,0.002673,0.002536,0.002642,1900649594.0,4945511.415068,27264
2025-09-21,0.002641,0.002796,0.002627,0.002685,3476361393.0,9412227.71796,74564
2025-09-22,0.002685,0.002712,0.002147,0.002292,6760687647.0,16047112.154349,108547
2025-09-23,0.002291,0.002493,0.002258,0.002352,5234213382.0,12460555.031655,90080
2025-09-24,0.002352,0.002428,0.002309,0.002351,2267731022.0,5392101.531701,36108
2025-09-25,0.00235,0.002355,0.002129,0.002151,3658402740.0,8160729.841945,57595
2025-09-26,0.002153,0.002439,0.002137,0.002396,4141852512.0,9438538.855898,79342
2025-09-27,0.002397,0.00243,0.002298,0.002354,1825188237.0,4295704.378575,33032
2025-09-28,0.002354,0.002438,0.002275,0.002418,1414586481.0,3298955.963005,23871
2025-09-29,0.002417,0.002422,0.002317,0.002366,1450313487.0,3449632.289922,26797
2025-09-30,0.002367,0.002424,0.002302,0.002396,1614505208.0,3805234.549748,35479
2025-10-01,0.002397,0.00249,0.00236,0.002445,1366170699.0,3330124.938021,33022
2025-10-02,0.002446,0.00262,0.002428,0.002597,1922941752.0,4844999.727205,45100
2025-10-03,0.002597,0.0026,0.002469,0.002536,2557004980.0,6477651.547256,59062
2025-10-04,0.002537,0.002557,0.002389,0.002432,1312408619.0,3249258.645306,38017
2025-10-05,0.002433,0.002538,0.002397,0.002418,1538388985.0,3810087.507594,37283
2025-10-06,0.002419,0.002569,0.002398,0.00254,1944424693.0,4838297.210769,46428
2025-10-07,0.002541,0.002556,0.002348,0.002388,2994594572.0,7306079.448804,74017
2025-10-08,0.002388,0.002619,0.002336,0.002507,3523929569.0,8779485.559647,92970
2025-10-09,0.002508,0.002513,0.002283,0.00239,2848617981.0,6759182.139712,67735
2025-10-10,0.002391,0.002501,0.000836,0.001543,7940487985.0,15073895.064121,165452
2025-10-11,0.001542,0.001716,0.001435,0.001613,6094513020.0,9591135.269829,91655
2025-10-12,0.001613,0.00188,0.001585,0.001821,3413354422.0,5893297.380046,79619
2025-10-13,0.001821,0.001905,0.001748,0.001879,3870751822.0,7057108.30193,78964
2025-10-14,0.00188,0.001888,0.001636,0.001795,4073972919.0,7135055.77783,85804
2025-10-15,0.001795,0.001847,0.001683,0.001709,2382217690.0,4198497.895973,52480
2025-10-16,0.001708,0.001805,0.001609,0.001657,2740096003.0,4695015.250822,76693
2025-10-17,0.001656,0.001708,0.001502,0.001642,3032534437.0,4874417.899529,55724
2025-10-18,0.001641,0.00171,0.001624,0.001663,1007834241.0,1680501.221696,17617
2025-10-19,0.001663,0.001751,0.001624,0.001704,1378616835.0,2344923.349208,30186
2025-10-20,0.001704,0.001792,0.001663,0.001742,1791320344.0,3128353.437003,36611
2025-10-21,0.001741,0.001795,0.001631,0.001638,2366608274.0,4055757.985533,44793
2025-10-22,0.001638,0.001668,0.001522,0.001586,2651205260.0,4289442.83116,45919
2025-10-23,0.001586,0.001661,0.001577,0.001643,1279281230.0,2069420.842146,21847
2025-10-24,0.001643,0.001704,0.001628,0.001697,1010017311.0,1684223.255781,19299
2025-10-25,0.001696,0.001698,0.001656,0.001675,482694204.0,809354.927104,10137
2025-10-26,0.001676,0.001755,0.001645,0.001728,1059608340.0,1801120.381476,19102
2025-10-27,0.00173,0.001762,0.001646,0.001655,1398472952.0,2375962.014636,22424
2025-10-28,0.001655,0.001701,0.001555,0.001589,1761784052.0,2888553.859504,31054
2025-10-29,0.001588,0.001694,0.001542,0.001611,2002015931.0,3229224.304396,40623
2025-10-30,0.001611,0.00164,0.001434,0.001497,2855822298.0,4273836.351417,57035
2025-10-31,0.001495,0.001565,0.001483,0.001538,1263686450.0,1931725.103468,21510
2025-11-01,0.001537,0.001582,0.001518,0.001571,824879233.0,1284004.482086,12865
2025-11-02,0.001571,0.001586,0.001475,0.001545,1273651201.0,1941854.619046,17275
2025-11-03,0.001544,0.001544,0.001278,0.001385,4090304573.0,5796681.151674,56026
2025-11-04,0.001385,0.001457,0.00125,0.001341,2472978218.0,3364189.484443,40871
2025-11-05,0.001341,0.001455,0.001263,0.001429,1260542241.0,1749007.921001,21332
2025-11-06,0.001429,0.001449,0.001361,0.001421,1503622745.0,2122896.087525,26107
2025-11-07,0.001422,0.001902,0.001422,0.001708,5905625591.0,9959227.95504,109656
2025-11-08,0.001708,0.001782,0.001594,0.001642,2567484010.0,4253110.940125,59603
2025-11-09,0.001641,0.001674,0.00154,0.001648,1454138876.0,2346547.387246,31447
2025-11-10,0.001648,0.001751,0.001635,0.001685,1628184864.0,2744260.549396,36854
2025-11-11,0.001685,0.001709,0.001516,0.001518,1829227146.0,2945947.74873,36720
2025-11-12,0.001519,0.001593,0.001468,0.001512,1877713201.0,2858426.088616,31617
2025-11-13,0.001512,0.001549,0.001389,0.001445,1885076546.0,2772994.19671,32249
2025-11-14,0.001445,0.001488,0.001358,0.001427,2147718252.0,3075452.070446,38486
2025-11-15,0.001427,0.001517,0.001424,0.001447,738370312.0,1085259.809983,14825
2025-11-16,0.001447,0.001469,0.001363,0.001412,1031991921.0,1464662.896391,22135
2025-11-17,0.001412,0.001469,0.001348,0.001387,1460011959.0,2058784.462027,32616
2025-11-18,0.001387,0.00151,0.001353,0.001442,2082626624.0,3008393.397706,36255
2025-11-19,0.001443,0.001449,0.001313,0.001405,1522407320.0,2109233.519574,23755
2025-11-20,0.001405,0.001516,0.001326,0.001378,2019636504.0,2863350.032006,36277
2025-11-21,0.001378,0.001409,0.001211,0.001299,2856253614.0,3728363.008877,49705
2025-11-22,0.001298,0.001318,0.001246,0.001283,792423916.0,1011929.630936,18342
2025-11-23,0.001282,0.001306,0.001254,0.001256,744097272.0,953124.946095,14477
2025-11-24,0.001255,0.001344,0.00123,0.001311,1688778143.0,2167108.628065,30995
2025-11-25,0.00131,0.001326,0.001267,0.001311,1130587632.0,1468745.515953,17451
2025-11-26,0.001311,0.001318,0.001253,0.00131,1367287122.0,1759115.105709,22833
2025-11-27,0.00131,0.001507,0.001274,0.001381,3407142733.0,4686863.243524,51346
2025-11-28,0.001381,0.00156,0.001313,0.001382,8500330599.0,12062356.191742,129189
2025-11-29,0.001382,0.0014,0.001306,0.001314,1754071872.0,2367732.180238,27010
2025-11-30,0.001314,0.001323,0.001275,0.001277,1034200790.0,1347588.049382,16254
2025-12-01,0.001276,0.001279,0.001143,0.001194,2502036283.0,2966320.864879,28489
2025-12-02,0.001194,0.001286,0.001164,0.00124,2134517132.0,2619265.842332,23127
2025-12-03,0.001241,0.001267,0.001199,0.001243,1427901669.0,1768603.857149,19470
2025-12-04,0.001244,0.001257,0.001177,0.001187,1273646473.0,1556628.961206,16588
2025-12-05,0.001186,0.001195,0.0011,0.001139,1594464594.0,1844335.371185,28362
2025-12-06,0.001138,0.001269,0.001129,0.001216,2827845877.0,3407673.850539,31471
2025-12-07,0.001217,0.001229,0.001134,0.001164,1447204518.0,1703045.798302,21877
2025-12-08,0.001164,0.001216,0.001158,0.001182,1309075570.0,1557145.214372,17392
2025-12-09,0.001183,0.001247,0.001152,0.001209,1588803278.0,1908215.010528,21319
2025-12-10,0.00121,0.001225,0.00114,0.001151,1474986164.0,1749479.760157,21540
2025-12-11,0.001151,0.001167,0.001083,0.001142,1841775947.0,2053998.886987,26320
2025-12-12,0.001142,0.001156,0.001059,0.001092,1322887259.0,1462517.381975,15867
2025-12-13,0.001093,0.001107,0.001081,0.001098,599225406.0,655673.382587,7923
2025-12-14,0.001098,0.001107,0.001039,0.001052,799217226.0,856062.8851,12185
2025-12-15,0.001051,0.00108,0.000977,0.001024,1672058039.0,1716864.416321,21529
2025-12-16,0.001024,0.001031,0.000996,0.001009,995848728.0,1010046.884326,12681
2025-12-17,0.001009,0.001027,0.000934,0.000943,1383787316.0,1349978.750467,17268
2025-12-18,0.000943,0.000976,0.000881,0.000898,1754872886.0,1626082.427057,19645
2025-12-19,0.000899,0.000986,0.000881,0.000978,1782283067.0,1674013.373059,16550
2025-12-20,0.000978,0.00098,0.000955,0.000968,646686234.0,625240.210318,7995
2025-12-21,0.000968,0.000971,0.00092,0.000949,1034324588.0,979766.439496,11192
2025-12-22,0.000949,0.000975,0.000931,0.000947,907565273.0,869940.50978,10998
2025-12-23,0.000947,0.00097,0.000918,0.000963,1310037250.0,1236238.543542,13093
2025-12-24,0.000963,0.000967,0.000929,0.000955,551616739.0,522819.64414,8067
2025-12-25,0.000956,0.000984,0.000932,0.000934,609197428.0,586145.343716,8700
2025-12-26,0.000935,0.001076,0.000927,0.001007,3276218233.0,3324258.4775,35597
2025-12-27,0.001007,0.001029,0.000987,0.001024,1166869375.0,1175240.074401,13524
2025-12-28,0.001025,0.001027,0.000984,0.000994,654406308.0,659253.312103,8256
2025-12-29,0.000994,0.001023,0.000962,0.000965,872800189.0,864022.894701,11805
2025-12-30,0.000965,0.000977,0.000948,0.000962,641722331.0,618591.682426,8530
2025-12-31,0.000962,0.00105,0.000957,0.000988,2399804234.0,2416909.399087,26811
2026-01-01,0.000989,0.001091,0.00098,0.001071,1663810801.0,1715626.05052,22344
2026-01-02,0.001072,0.001248,0.00106,0.001156,5126155541.0,5976874.451465,68972
2026-01-03,0.001156,0.001177,0.001106,0.001138,1647748015.0,1874076.415527,22743
2026-01-04,0.001139,0.001338,0.001139,0.00125,3935382428.0,4900670.526408,50577
2026-01-05,0.001249,0.00127,0.001192,0.001234,2103974012.0,2589389.754619,28651
2026-01-06,0.001234,0.001292,0.001192,0.001247,1724404355.0,2153835.90593,27343
2026-01-07,0.001246,0.001255,0.001181,0.001195,1022375659.0,1236243.264606,16875
2026-01-08,0.001195,0.001207,0.001135,0.001163,1086293926.0,1270494.751699,16653
2026-01-09,0.001163,0.001199,0.001146,0.001168,1602258419.0,1870402.552085,16883
2026-01-10,0.001169,0.001174,0.001142,0.001149,635068220.0,736964.438403,6636
2026-01-11,0.00115,0.001167,0.001114,0.001131,979309688.0,1123974.213386,9994
2026-01-12,0.001131,0.001159,0.001093,0.001107,1620287274.0,1816508.106696,18418
2026-01-13,0.001107,0.001241,0.001105,0.001221,1714811013.0,2004323.158766,17887
2026-01-14,0.001221,0.001239,0.00117,0.001176,1835244110.0,2207985.965909,18149
2026-01-15,0.001177,0.001183,0.001086,0.001115,1500810288.0,1711172.897843,17876
2026-01-16,0.001116,0.001164,0.001094,0.001156,1155762870.0,1306248.312583,13064
2026-01-17,0.001157,0.001161,0.001122,0.001128,841060974.0,965227.451332,10464
2026-01-18,0.001128,0.001147,0.001068,0.001069,1042094374.0,1165487.229281,13052
2026-01-19,0.001069,0.001069,0.000951,0.001061,2466940440.0,2494989.794834,23812
2026-01-20,0.001062,0.001426,0.001055,0.00113,19400869002.0,24053874.3226,208591
2026-01-21,0.00113,0.00125,0.001104,0.001148,4371378959.0,5090609.060667,58024
2026-01-22,0.001149,0.00121,0.001075,0.001077,1756400886.0,1993229.382984,21042
2026-01-23,0.001078,0.001102,0.001049,0.001062,1500815776.0,1618104.995357,15270
2026-01-24,0.001063,0.001089,0.001054,0.001067,778838397.0,832829.279374,7260
2026-01-25,0.001066,0.001069,0.000968,0.000995,1218130372.0,1241775.197704,11298
2026-01-26,0.000994,0.001097,0.000992,0.001049,1075623305.0,1129037.780846,11552
2026-01-27,0.001049,0.001069,0.001023,0.001062,685659746.0,716525.077899,9030
2026-01-28,0.001062,0.001066,0.001031,0.001037,590473339.0,619109.879922,7872
2026-01-29,0.001037,0.001041,0.000944,0.000977,1126994900.0,1109824.148337,12078
2026-01-30,0.000977,0.000986,0.000923,0.000931,2247189949.0,2129586.488998,19842
2026-01-31,0.000932,0.000937,0.000759,0.000843,2531901506.0,2159292.486912,27085
2026-02-01,0.000843,0.000853,0.000789,0.000814,958512110.0,791736.017767,13693
2026-02-02,0.000815,0.00086,0.00079,0.000833,831672531.0,686695.940416,12956
2026-02-03,0.000832,0.00086,0.000791,0.000819,918085857.0,761494.038563,12098
2026-02-04,0.000819,0.000836,0.000787,0.000808,886822759.0,719137.891778,13056
2026-02-05,0.000808,0.000816,0.000671,0.000681,2328817875.0,1725353.564553,34277
2026-02-06,0.00068,0.000771,0.000601,0.000757,1908078742.0,1332551.39974,27061
2026-02-07,0.000756,0.000762,0.000716,0.000743,1101505705.0,816271.954864,17067
2026-02-08,0.000742,0.000744,0.000705,0.000712,701401639.0,509590.912403,10774
2026-02-09,0.000712,0.000737,0.000689,0.000716,1086417307.0,774260.590493,12763
2026-02-10,0.000715,0.000719,0.000683,0.000689,1026132194.0,714265.548121,10323
2026-02-11,0.000689,0.000692,0.000646,0.000676,2162924388.0,1440116.640076,17466
2026-02-12,0.000676,0.000699,0.000671,0.000693,1446670108.0,988721.791485,14832
2026-02-13,0.000693,0.000719,0.000673,0.000706,977959579.0,680886.922367,8545
2026-02-14,0.000706,0.000797,0.000698,0.000778,2042176651.0,1537070.207478,18242
2026-02-15,0.000777,0.000782,0.000699,0.000718,1180002780.0,868024.167455,10476
2026-02-16,0.000718,0.000742,0.000703,0.00073,1639770934.0,1182740.146603,13812
2026-02-17,0.00073,0.000737,0.000711,0.000714,1265580197.0,912994.583142,11479
2026-02-18,0.000713,0.000721,0.000677,0.000684,1195447389.0,835283.961855,9489
2026-02-19,0.000684,0.000689,0.000653,0.000675,885892738.0,594681.523335,8390
2026-02-20,0.000675,0.000693,0.000662,0.00069,1030570338.0,701205.538194,11188
2026-02-21,0.00069,0.000705,0.000681,0.000681,896615856.0,622653.209206,7231
2026-02-22,0.000681,0.000682,0.000655,0.000664,787165016.0,523000.417712,6481
2026-02-23,0.000664,0.000679,0.000623,0.000643,1720226063.0,1111847.963367,14717
2026-02-24,0.000644,0.000655,0.000629,0.000639,1291859186.0,827340.00915,10227
2026-02-25,0.000638,0.000684,0.000634,0.00065,2831464485.0,1849263.406133,30119
2026-02-26,0.00065,0.000658,0.000608,0.000626,1716865976.0,1091566.972073,15185
2026-02-27,0.000627,0.000642,0.000603,0.000615,1081261561.0,674392.31611,11632
2026-02-28,0.000615,0.000618,0.000552,0.000602,1634187074.0,946655.945086,20398
2026-03-01,0.000602,0.000629,0.000566,0.000573,1837502717.0,1102007.336584,16163
2026-03-02,0.000574,0.000608,0.000565,0.000585,1357491475.0,793415.657929,12011
2026-03-03,0.000585,0.000658,0.000565,0.000654,3464766717.0,2133593.888463,24781
2026-03-04,0.000654,0.000789,0.000622,0.000632,6723932656.0,4508841.431838,47278
2026-03-05,0.000632,0.000647,0.000608,0.000617,1473099650.0,923250.880792,11074
2026-03-06,0.000616,0.000623,0.000591,0.000597,773112861.0,469452.695232,6049
2026-03-07,0.000598,0.000598,0.000552,0.000553,998646293.0,569058.325385,8310
2026-03-08,0.000554,0.000568,0.000537,0.000559,1277683010.0,707627.775035,8397
2026-03-09,0.000559,0.000597,0.000557,0.000572,1610711451.0,927605.334195,9204
2026-03-10,0.000571,0.000603,0.00057,0.000577,1484428746.0,872591.401218,8598
2026-03-11,0.000577,0.000594,0.000568,0.000586,1050106678.0,611793.205262,8433
2026-03-12,0.000587,0.000669,0.000566,0.00061,5780015189.0,3558699.395497,37492
2026-03-13,0.00061,0.000622,0.000588,0.000592,2163985657.0,1315286.142434,11967
2026-03-14,0.000592,0.000602,0.000583,0.000593,809852649.0,477465.532481,4502
2026-03-15,0.000593,0.000596,0.000584,0.000592,992531738.0,584889.507894,5754
2026-03-16,0.000591,0.000635,0.000589,0.000625,2004245622.0,1237948.206804,16864
2026-03-17,0.000625,0.000634,0.000606,0.000606,1193254538.0,736414.726846,10066
2026-03-18,0.000606,0.000623,0.000571,0.000582,1558668964.0,926170.404828,12540
2026-03-19,0.000582,0.000582,0.000556,0.000562,975647863.0,551939.77936,6091
2026-03-20,0.000563,0.000586,0.000562,0.000569,1010998522.0,580814.289878,6515
2026-03-21,0.000569,0.00062,0.00056,0.000565,2683230736.0,1588688.905931,15746
2026-03-22,0.000565,0.000575,0.000534,0.000542,1206160512.0,670183.860583,8265
2026-03-23,0.000542,0.000584,0.000542,0.000579,1478912108.0,837606.508026,10058
2026-03-24,0.00058,0.00059,0.00057,0.000579,1038154857.0,601615.996875,8728
2026-03-25,0.000578,0.000601,0.000575,0.000592,1236305309.0,728468.727378,7209
2026-03-26,0.000592,0.000647,0.00055,0.000568,5282303392.0,3126233.133297,40640
2026-03-27,0.000568,0.000574,0.000528,0.000529,1100965151.0,606199.406511,8117
2026-03-28,0.00053,0.000531,0.0005,0.000514,1003477422.0,519270.192557,7781
2026-03-29,0.000513,0.000517,0.000484,0.000496,847942029.0,424827.789367,5430
2026-03-30,0.000497,0.000524,0.000496,0.000507,546009499.0,281162.821532,4136
2026-03-31,0.000508,0.000531,0.000508,0.000524,955929046.0,497499.259676,5911
2026-04-01,0.000523,0.000537,0.000517,0.000522,663299973.0,350541.805385,4141
2026-04-02,0.000522,0.000527,0.0005,0.000509,811283863.0,414232.750663,8728
2026-04-03,0.00051,0.000519,0.000503,0.000512,668971296.0,341580.235256,4746
2026-04-04,0.000512,0.000513,0.000496,0.000506,467454466.0,235698.222632,3304
2026-04-05,0.000506,0.000507,0.000484,0.000502,580119765.0,285283.091405,4008
2026-04-06,0.000503,0.000519,0.000498,0.000501,1010608005.0,514538.743915,7636
2026-04-07,0.000501,0.000531,0.000489,0.000529,931963806.0,472526.989417,8882
2026-04-08,0.000528,0.000536,0.000505,0.000507,1032293790.0,541143.777039,8677
2026-04-09,0.000507,0.000524,0.0005,0.000513,689905817.0,353155.465404,6124
2026-04-10,0.000514,0.000529,0.00051,0.000522,803971817.0,418169.341653,6537
2026-04-11,0.000522,0.00053,0.00051,0.000521,619397659.0,321424.579412,5882
2026-04-12,0.000521,0.000521,0.000489,0.00049,997127672.0,498763.508356,8961
2026-04-13,0.000491,0.000537,0.000487,0.000536,1475868380.0,754885.757053,11819
2026-04-14,0.000536,0.000538,0.000507,0.000512,1437155064.0,748420.136596,9706
2026-04-15,0.000513,0.000551,0.000509,0.000546,1652029361.0,877242.023718,11680
2026-04-16,0.000546,0.000708,0.000543,0.000624,12081012727.0,7486987.178435,72145
2026-04-17,0.000623,0.000633,0.000566,0.000583,3941064525.0,2342876.922681,32900
2026-04-18,0.000582,0.000599,0.000541,0.000542,1909279603.0,1089246.39724,13232
2026-04-19,0.000543,0.000618,0.000533,0.000557,7655697128.0,4378713.81083,55270
2026-04-20,0.000558,0.00065,0.000553,0.000579,9270501454.0,5542543.514536,54144
2026-04-21,0.000578,0.000597,0.000562,0.000575,2829310622.0,1637151.565221,17309
2026-04-22,0.000575,0.000595,0.000566,0.000567,1818682319.0,1063518.70578,12162
2026-04-23,0.000567,0.000573,0.000552,0.00057,1422735984.0,800625.28249,9788
2026-04-24,0.000569,0.000596,0.000563,0.000576,1958447607.0,1136703.623992,11870
2026-04-25,0.000576,0.000584,0.00056,0.00057,1017957276.0,583857.963359,7645
2026-04-26,0.000571,0.00059,0.000566,0.000575,893541824.0,517223.555823,5839
2026-04-27,0.000575,0.000589,0.000553,0.000568,1424213451.0,810782.988017,9056
2026-04-28,0.000567,0.000576,0.000558,0.000572,849547628.0,482300.260995,5284
2026-04-29,0.000571,0.000601,0.000554,0.000567,2199329775.0,1271706.614812,17467
2026-04-30,0.000568,0.000576,0.000557,0.000562,1230980368.0,696500.712804,8964
2026-05-01,0.000562,0.000578,0.000558,0.000559,900465520.0,511546.974194,8397
2026-05-02,0.00056,0.000587,0.000556,0.000573,1471238879.0,843988.877674,12475
2026-05-03,0.000573,0.000574,0.000556,0.000563,1521743032.0,858264.137681,8570
2026-05-04,0.000563,0.000588,0.000559,0.000578,2439035457.0,1398453.566141,16317
2026-05-05,0.000579,0.000638,0.000578,0.000596,7232279829.0,4419360.422717,46099
2026-05-06,0.000596,0.000624,0.000592,0.000611,2889753663.0,1765712.309784,20394
2026-05-07,0.00061,0.000622,0.000594,0.000613,2515892686.0,1536301.217036,17312
2026-05-08,0.000613,0.000646,0.000603,0.000639,2615221778.0,1639891.169114,19089
2026-05-09,0.000638,0.000646,0.000616,0.000622,1589377088.0,998200.341815,10983
2026-05-10,0.000621,0.000648,0.000613,0.000632,2063467320.0,1294146.463752,14597
2026-05-11,0.000632,0.000634,0.000608,0.000618,1336419586.0,827178.498599,9969
2026-05-12,0.000617,0.000619,0.000586,0.0006,1431069175.0,860944.640729,12272
2026-05-13,0.0006,0.000641,0.000582,0.000584,2640015995.0,1616534.776745,23356
2026-05-14,0.000585,0.000613,0.000571,0.000594,1282911094.0,756518.170211,11264
2026-05-15,0.000593,0.000599,0.000546,0.000559,1783997305.0,1016389.876176,20773
2026-05-16,0.000559,0.000568,0.000525,0.000534,1166343435.0,627942.728334,10100
2026-05-17,0.000533,0.000538,0.000492,0.000508,1339476479.0,695383.553126,10996
2026-05-18,0.000509,0.000523,0.000499,0.000518,1297446916.0,660079.992988,9688
2026-05-19,0.000518,0.000521,0.000503,0.00051,908667154.0,465255.142972,7349
2026-05-20,0.00051,0.000522,0.000507,0.000519,611678776.0,315595.587284,5020
2026-05-21,0.000518,0.000532,0.000515,0.000529,734197776.0,385258.741109,6311
2026-05-22,0.000528,0.000532,0.000495,0.000499,926994936.0,480639.182512,7318
2026-05-23,0.0005,0.000532,0.000484,0.000521,1046806877.0,527230.391661,8256
2026-05-24,0.000521,0.000522,0.000491,0.000503,618058758.0,314300.624926,5123
2026-05-25,0.000504,0.000524,0.000501,0.000511,602102833.0,309708.574383,4689
2026-05-26,0.000511,0.00052,0.000494,0.000501,1055449684.0,533522.586763,6955
2026-05-27,0.000501,0.000513,0.00049,0.000495,797719484.0,399367.770148,6672
2026-05-28,0.000495,0.0005,0.000462,0.00048,869685223.0,414222.534162,9939
2026-05-29,0.000479,0.000515,0.000475,0.000501,24376693017.0,12095529.80657,144761
2026-05-30,0.000502,0.000598,0.000497,0.000519,66445520707.0,35186742.535396,251838
2026-05-31,0.00052,0.000619,0.000519,0.000608,78390593169.0,44462902.448702,317384
2026-06-01,0.000607,0.000636,0.000537,0.000559,66117956501.0,37353193.103087,273980
2026-06-02,0.000558,0.000561,0.000481,0.000494,20733002260.0,10838166.363298,127751
2026-06-03,0.000495,0.000608,0.000491,0.000569,19629534157.0,10753970.878746,227239
2026-06-04,0.00057,0.000655,0.000524,0.000637,45786384849.0,27541089.153441,512576
2026-06-05,0.000638,0.000693,0.000548,0.000578,99478908192.0,63072773.940108,719334
2026-06-06,0.000577,0.000597,0.000531,0.000553,6792356994.0,3785125.147268,36091
2026-06-07,0.000553,0.000668,0.000552,0.000591,5935830300.0,3681892.552255,42369
2026-06-08,0.000591,0.000602,0.000516,0.000518,3899096996.0,2225621.225086,27516
2026-06-09,0.000518,0.000607,0.000501,0.000574,6097393804.0,3415286.482382,39580
2026-06-10,0.000574,0.000594,0.000521,0.000534,2792136966.0,1555062.686113,20688
2026-06-11,0.000535,0.000599,0.000533,0.000589,3063198456.0,1755853.225048,26903
2026-06-12,0.000589,0.000595,0.000562,0.000571,1827070515.0,1056558.492364,18280
2026-06-13,0.000571,0.00058,0.000553,0.00056,1491191361.0,840435.616622,14037
2026-06-14,0.000561,0.00068,0.000554,0.000633,8880598708.0,5557981.827118,70546
2026-06-15,0.000633,0.000649,0.000596,0.00061,3871914686.0,2424421.512871,41225
2026-06-16,0.000609,0.000679,0.000606,0.000629,3951176803.0,2552732.061264,44975
2026-06-17,0.00063,0.000653,0.000586,0.000593,2538318446.0,1561460.148814,26420
2026-06-18,0.000593,0.000607,0.000542,0.000548,2124182874.0,1239721.128404,17531
2026-06-19,0.000547,0.000562,0.000533,0.000552,1659593912.0,907510.327841,13382
2026-06-20,0.000552,0.000581,0.000534,0.000549,1831252984.0,1015129.180371,12352
2026-06-21,0.000548,0.000568,0.000539,0.00055,1253011094.0,694932.569281,9728
2026-06-22,0.00055,0.000562,0.000529,0.000536,1102990338.0,604670.794222,9745
2026-06-23,0.000535,0.000561,0.000506,0.000543,2599641102.0,1389355.115302,18792
2026-06-24,0.000544,0.000546,0.000492,0.000505,1854434757.0,962159.342366,15017
2026-06-25,0.000505,0.000511,0.00047,0.000487,1296603614.0,633480.106688,12460
2026-06-26,0.000488,0.000544,0.000473,0.000524,2829826516.0,1475037.098439,25950
2026-06-27,0.000524,0.00054,0.000512,0.000528,1189109291.0,623324.767759,9668
2026-06-28,0.000528,0.000617,0.000522,0.000587,6426906206.0,3746027.726221,51190
2026-06-29,0.000587,0.000611,0.000578,0.000599,1770221634.0,1052744.802345,16665
2026-06-30,0.000599,0.000655,0.000593,0.000618,4047377435.0,2532613.00222,31240
2026-07-01,0.000617,0.000649,0.000598,0.000626,2345014434.0,1462669.990383,20204
2026-07-02,0.000627,0.000639,0.000603,0.000618,971575377.0,600524.821007,8562
2026-07-03,0.000618,0.000652,0.000608,0.000647,1048848360.0,653753.792259,9280
2026-07-04,0.000646,0.000665,0.000599,0.000603,1693397980.0,1064272.022136,13798
2026-07-05,0.000603,0.000611,0.000585,0.0006,824592381.0,494740.152321,6874
2026-07-06,0.0006,0.000614,0.000579,0.000604,901128887.0,538997.728714,6775
2026-07-07,0.000604,0.000622,0.000566,0.000571,1036180335.0,616543.00467,7735
2026-07-08,0.000572,0.00058,0.000556,0.000564,554025755.0,314062.255283,5542
2026-07-09,0.000564,0.000581,0.000559,0.000565,574325799.0,327308.76311,4956
2026-07-10,0.000566,0.000579,0.000559,0.000568,539873343.0,306668.39794,4457
2026-07-11,0.000568,0.000598,0.000556,0.000558,1035626435.0,595802.523575,8366
2026-07-12,0.000558,0.000564,0.000547,0.000556,560716023.0,311643.059236,4174
2026-07-13,0.000555,0.000564,0.000532,0.000544,657836276.0,359467.531517,6536
2026-07-14,0.000543,0.000557,0.000538,0.000551,663138316.0,363448.771785,4598
2026-07-15,0.00055,0.000559,0.000537,0.000543,689746135.0,375758.481126,5819
2026-07-16,0.000543,0.00055,0.000533,0.000535,534675192.0,289353.335192,5627
2026-07-17,0.000536,0.000546,0.000521,0.000535,879849654.0,470351.762955,7766
2026-07-18,0.000536,0.000559,0.000529,0.000539,1418785664.0,775269.9917,9857
2026-07-19,0.00054,0.000544,0.000527,0.000534,417295588.0,223681.165036,3684
2026-07-20,0.000533,0.000541,0.000518,0.000529,951167483.0,504136.822752,7983
2026-07-21,0.000528,0.000543,0.000525,0.00053,712059727.0,380035.520901,5990
2026-07-22,0.00053,0.000536,0.00052,0.000532,579405470.0,305903.900223,6209
2026-07-23,0.000533,0.000539,0.000515,0.000518,489126223.0,256046.325843,4440
2026-07-24,0.000518,0.000537,0.000512,0.000522,1052721475.0,551106.239594,8638
2026-07-25,0.000522,0.000533,0.000508,0.000528,495623009.0,258408.000589,4434
2026-07-26,0.000528,0.00055,0.00052,0.00053,1118717039.0,598276.57415,7433
2026-07-27,0.00053,0.000542,0.000501,0.000508,863166277.0,452477.970818,7441
2026-07-28,0.000508,0.000517,0.000499,0.000507,1015300200.0,515690.626896,7206
2026-07-29,0.000507,0.000512,0.000483,0.000492,1018215099.0,505722.120767,8414
2026-07-30,0.000493,0.000516,0.000492,0.000514,575093125.0,291495.29469,5795
2026-07-31,0.000514,0.000527,0.000502,0.000526,1129499538.0,579545.043318,10816
2026-08-01,0.000525,0.000538,0.0005,0.000504,1218630342.0,627194.410306,10143
2026-08-02,0.000503,0.000511,0.000497,0.0005,980768959.0,494007.030417,8831
2026-08-03,0.0005,0.000504,0.000491,0.000501,635340921.0,316717.876367,6541
2026-08-04,0.000501,0.000508,0.000492,0.000494,984862173.0,491776.550197,9214
2026-08-05,0.000494,0.0005,0.000488,0.000496,961389047.0,474916.880705,7801
2026-08-06,0.000496,0.000508,0.000495,0.000501,706881171.0,354745.970805,6769
2026-08-07,0.000501,0.000507,0.000487,0.000491,716670704.0,356538.826592,6630
2026-08-08,0.000491,0.000517,0.00049,0.000506,747366194.0,377131.440998,6346
2026-08-09,0.000505,0.000553,0.000503,0.00054,2293651888.0,1210485.556345,21734
2026-08-10,0.000539,0.000555,0.000509,0.000517,1441367910.0,759000.31598,13268
2026-08-11,0.000517,0.000521,0.000491,0.000502,979299145.0,492469.535068,9209
2026-08-12,0.000502,0.000513,0.000482,0.000487,1106706175.0,551346.850726,11028
2026-08-13,0.000486,0.000498,0.000477,0.000489,1231548131.0,601212.027246,10440
2026-08-14,0.000488,0.000491,0.000472,0.000485,747651226.0,359088.600137,8333
2026-08-15,0.000485,0.000502,0.000479,0.000481,831066043.0,404610.634794,6907
2026-08-16,0.000481,0.000483,0.000457,0.000463,851673752.0,403216.05056,7562
2026-08-17,0.000463,0.00047,0.000456,0.000459,1044325659.0,483718.637318,8291
2026-08-18,0.000458,0.000476,0.000444,0.000461,1768987536.0,813729.764517,15079
2026-08-19,0.000462,0.000497,0.000454,0.000485,1455314448.0,692404.989645,10806
2026-08-20,0.000485,0.000519,0.00048,0.000515,2158147110.0,1089113.786434,21596
2026-08-21,0.000514,0.000582,0.00051,0.000575,3289702016.0,1794726.741139,30585
2026-08-22,0.000574,0.000622,0.00053,0.000547,3796058249.0,2169837.021862,34378
2026-08-23,0.000547,0.000578,0.000524,0.000565,1458498215.0,814794.886194,13111
2026-08-24,0.000564,0.000564,0.000539,0.000544,1434359718.0,788000.065801,16855
2026-08-25,0.000544,0.000564,0.000519,0.000531,1059247186.0,574935.424348,12263
2026-08-26,0.000531,0.000553,0.000527,0.000552,791846358.0,427395.313102,9784
2026-08-27,0.000552,0.000581,0.000541,0.000555,1223325910.0,684697.809808,14426
2026-08-28,0.000555,0.000562,0.00052,0.000538,583910914.0,314916.697719,8239
2026-08-29,0.000537,0.00054,0.000526,0.00053,290524259.0,154466.327383,3989
2026-08-30,0.000529,0.000542,0.000498,0.000508,566656611.0,298233.713617,7304
2026-08-31,0.000507,0.000528,0.000505,0.000524,596582339.0,310198.33282,6623
2026-09-01,0.000525,0.000545,0.000511,0.000516,794003146.0,416578.293493,8839
2026-09-02,0.000516,0.000521,0.000504,0.000511,483721608.0,248379.627801,5833
2026-09-03,0.000511,0.000557,0.000508,0.00054,946880878.0,507099.871365,10647
2026-09-04,0.000541,0.00056,0.000513,0.000545,1694202804.0,912209.826769,20539
2026-09-05,0.000546,0.000575,0.000543,0.000569,1487212265.0,839237.683814,18172
2026-09-06,0.000568,0.000576,0.000547,0.000563,865367569.0,485272.472081,8343
2026-09-07,0.000563,0.000574,0.000549,0.000564,723929818.0,404284.215142,9903
2026-09-08,0.000563,0.000579,0.000553,0.00056,1046211653.0,593003.729887,14609
2026-09-09,0.00056,0.000568,0.00051,0.000521,916918051.0,500662.936671,12969
2026-09-10,0.000521,0.000526,0.000498,0.000501,923319767.0,472770.753738,12482
2026-09-11,0.000501,0.000538,0.000495,0.000517,849805144.0,436225.709337,12484
2026-09-12,0.000517,0.000545,0.000516,0.000539,619427099.0,329568.14992,9435
2026-09-13,0.000539,0.000551,0.000527,0.000531,589940296.0,319138.894819,9154
2026-09-14,0.000531,0.000544,0.000526,0.000531,450200286.0,240608.461063,6523
2026-09-15,0.000531,0.000539,0.000499,0.000514,861268335.0,447404.693486,13425
2026-09-16,0.000512,0.000519,0.000494,0.000518,649725467.0,328210.065542,12571
2026-09-17,0.000519,0.000528,0.000512,0.000525,1122517498.0,583013.724515,11182
2026-09-18,0.000525,0.000568,0.000524,0.000565,865076582.0,473954.3027,11781
2026-09-19,0.000565,0.000585,0.000549,0.000577,1098969466.0,623859.062304,15707
2026-09-20,0.000576,0.00058,0.000549,0.000565,757416959.0,425619.692984,11651
2026-09-21,0.000565,0.00062,0.000561,0.000616,2046394656.0,1218573.321994,26100
2026-09-22,0.000616,0.000631,0.000597,0.000626,1577433994.0,969869.352905,17381
2026-09-23,0.000627,0.000658,0.000582,0.000589,1896645211.0,1177114.295343,21872
2026-09-24,0.000589,0.000641,0.000585,0.000629,922099581.0,566666.537274,13018
2026-09-25,0.000629,0.00065,0.000618,0.00065,826919185.0,525968.748883,10414
2026-09-26,0.00065,0.000661,0.000626,0.000636,738867673.0,477575.42158,9241
2026-09-27,0.000636,0.000645,0.000622,0.000644,1583687609.0,1005931.348141,15683
2026-09-28,0.000643,0.000647,0.000583,0.000596,944989865.0,569727.924892,15327
2026-09-29,0.000596,0.000618,0.000576,0.000594,901439747.0,541086.8155,19329
2026-09-30,0.000595,0.000613,0.000586,0.000596,1382980477.0,832274.610151,20513
2026-10-01,0.000596,0.000604,0.000577,0.000585,915651321.0,539192.656298,20800
2026-10-02,0.000585,0.000616,0.000561,0.000585,3907165453.0,2311053.986998,32241
2026-10-03,0.000585,0.000602,0.000574,0.000596,11002979077.0,6452226.566456,30381
2026-10-04,0.000596,0.000596,0.00059,0.000593,727472713.0,431570.06148,2677
